<?xml version="1.0" encoding="utf-8" standalone="no"?>
<gpx creator="zepp" version="1.1" xmlns="http://www.topografix.com/GPX/1/1" xmlns:ns1="http://www.cluetrust.com/XML/GPXDATA/1/0" xmlns:ns2="http://www.garmin.com/xmlschemas/GpxExtensions/v3" xmlns:ns3="http://www.garmin.com/xmlschemas/TrackPointExtension/v1" xmlns:xsi="http://www.w3.org/2001/XMLSchema-instance" xsi:schemaLocation="http://www.topografix.com/GPX/1/1 http://www.topografix.com/GPX/11.xsd">
	<metadata>
		<name>미포 송정 10키로코스</name>
	</metadata>
	<trk>
		<name>미포 송정 10키로코스</name>
		<trkseg>
			<trkpt lat="35.160079" lon="129.170752">
				<ele>13.85</ele>
			</trkpt>
			<trkpt lat="35.160064" lon="129.170742">
				<ele>13.69</ele>
			</trkpt>
			<trkpt lat="35.1599978" lon="129.1708138">
				<ele>13.687999999999999</ele>
			</trkpt>
			<trkpt lat="35.1599316" lon="129.1708856">
				<ele>13.686</ele>
			</trkpt>
			<trkpt lat="35.1598654" lon="129.1709574">
				<ele>13.684</ele>
			</trkpt>
			<trkpt lat="35.1597992" lon="129.1710292">
				<ele>13.682</ele>
			</trkpt>
			<trkpt lat="35.159732999999996" lon="129.171101">
				<ele>13.68</ele>
			</trkpt>
			<trkpt lat="35.1596668" lon="129.1711728">
				<ele>13.677999999999999</ele>
			</trkpt>
			<trkpt lat="35.1596006" lon="129.1712446">
				<ele>13.676</ele>
			</trkpt>
			<trkpt lat="35.1595344" lon="129.1713164">
				<ele>13.674</ele>
			</trkpt>
			<trkpt lat="35.1594682" lon="129.1713882">
				<ele>13.672</ele>
			</trkpt>
			<trkpt lat="35.159402" lon="129.17146">
				<ele>13.67</ele>
			</trkpt>
			<trkpt lat="35.1593358" lon="129.1715318">
				<ele>13.668</ele>
			</trkpt>
			<trkpt lat="35.1592696" lon="129.1716036">
				<ele>13.666</ele>
			</trkpt>
			<trkpt lat="35.159203399999996" lon="129.1716754">
				<ele>13.664</ele>
			</trkpt>
			<trkpt lat="35.159137199999996" lon="129.1717472">
				<ele>13.662</ele>
			</trkpt>
			<trkpt lat="35.159071" lon="129.171819">
				<ele>13.66</ele>
			</trkpt>
			<trkpt lat="35.1590048" lon="129.1718908">
				<ele>13.658</ele>
			</trkpt>
			<trkpt lat="35.1589386" lon="129.1719626">
				<ele>13.656</ele>
			</trkpt>
			<trkpt lat="35.1588724" lon="129.1720344">
				<ele>13.654</ele>
			</trkpt>
			<trkpt lat="35.1588062" lon="129.1721062">
				<ele>13.652000000000001</ele>
			</trkpt>
			<trkpt lat="35.15874" lon="129.172178">
				<ele>13.65</ele>
			</trkpt>
			<trkpt lat="35.158673799999995" lon="129.1722498">
				<ele>13.648</ele>
			</trkpt>
			<trkpt lat="35.158607599999996" lon="129.1723216">
				<ele>13.646</ele>
			</trkpt>
			<trkpt lat="35.1585414" lon="129.1723934">
				<ele>13.644</ele>
			</trkpt>
			<trkpt lat="35.1584752" lon="129.1724652">
				<ele>13.642000000000001</ele>
			</trkpt>
			<trkpt lat="35.158409" lon="129.172537">
				<ele>13.64</ele>
			</trkpt>
			<trkpt lat="35.15833" lon="129.172504">
				<ele>12.65</ele>
			</trkpt>
			<trkpt lat="35.158269142857144" lon="129.17258028571428">
				<ele>12.637142857142857</ele>
			</trkpt>
			<trkpt lat="35.15820828571429" lon="129.17265657142858">
				<ele>12.624285714285715</ele>
			</trkpt>
			<trkpt lat="35.15814742857143" lon="129.17273285714285">
				<ele>12.611428571428572</ele>
			</trkpt>
			<trkpt lat="35.15808657142857" lon="129.17280914285715">
				<ele>12.598571428571429</ele>
			</trkpt>
			<trkpt lat="35.15802571428571" lon="129.17288542857142">
				<ele>12.585714285714285</ele>
			</trkpt>
			<trkpt lat="35.15796485714286" lon="129.17296171428572">
				<ele>12.572857142857144</ele>
			</trkpt>
			<trkpt lat="35.157904" lon="129.173038">
				<ele>12.56</ele>
			</trkpt>
			<trkpt lat="35.1578552" lon="129.1731134">
				<ele>12.534</ele>
			</trkpt>
			<trkpt lat="35.1578064" lon="129.1731888">
				<ele>12.508000000000001</ele>
			</trkpt>
			<trkpt lat="35.157757600000004" lon="129.1732642">
				<ele>12.482</ele>
			</trkpt>
			<trkpt lat="35.1577088" lon="129.1733396">
				<ele>12.456</ele>
			</trkpt>
			<trkpt lat="35.15766" lon="129.173415">
				<ele>12.43</ele>
			</trkpt>
			<trkpt lat="35.157656" lon="129.173501">
				<ele>12.79</ele>
			</trkpt>
			<trkpt lat="35.157604090909096" lon="129.17358754545452">
				<ele>12.876060606060605</ele>
			</trkpt>
			<trkpt lat="35.15755218181818" lon="129.1736740909091">
				<ele>12.962121212121211</ele>
			</trkpt>
			<trkpt lat="35.157500272727276" lon="129.17376063636362">
				<ele>13.048181818181817</ele>
			</trkpt>
			<trkpt lat="35.15744836363637" lon="129.17384718181816">
				<ele>13.134242424242423</ele>
			</trkpt>
			<trkpt lat="35.157396454545456" lon="129.17393372727273">
				<ele>13.220303030303029</ele>
			</trkpt>
			<trkpt lat="35.15734454545455" lon="129.17402027272726">
				<ele>13.306363636363637</ele>
			</trkpt>
			<trkpt lat="35.157292636363636" lon="129.1741068181818">
				<ele>13.392424242424243</ele>
			</trkpt>
			<trkpt lat="35.15724072727273" lon="129.17419336363636">
				<ele>13.478484848484849</ele>
			</trkpt>
			<trkpt lat="35.15718881818182" lon="129.1742799090909">
				<ele>13.564545454545454</ele>
			</trkpt>
			<trkpt lat="35.15713690909091" lon="129.17436645454544">
				<ele>13.65060606060606</ele>
			</trkpt>
			<trkpt lat="35.157085" lon="129.174453">
				<ele>13.736666666666666</ele>
			</trkpt>
			<trkpt lat="35.157033090909096" lon="129.17453954545454">
				<ele>13.822727272727272</ele>
			</trkpt>
			<trkpt lat="35.15698118181818" lon="129.17462609090907">
				<ele>13.908787878787878</ele>
			</trkpt>
			<trkpt lat="35.156929272727275" lon="129.17471263636364">
				<ele>13.994848484848484</ele>
			</trkpt>
			<trkpt lat="35.15687736363637" lon="129.17479918181817">
				<ele>14.08090909090909</ele>
			</trkpt>
			<trkpt lat="35.156825454545455" lon="129.1748857272727">
				<ele>14.166969696969698</ele>
			</trkpt>
			<trkpt lat="35.15677354545455" lon="129.17497227272727">
				<ele>14.253030303030304</ele>
			</trkpt>
			<trkpt lat="35.156721636363635" lon="129.1750588181818">
				<ele>14.33909090909091</ele>
			</trkpt>
			<trkpt lat="35.15666972727273" lon="129.17514536363635">
				<ele>14.425151515151516</ele>
			</trkpt>
			<trkpt lat="35.15661781818182" lon="129.1752319090909">
				<ele>14.511212121212122</ele>
			</trkpt>
			<trkpt lat="35.15656590909091" lon="129.17531845454545">
				<ele>14.597272727272728</ele>
			</trkpt>
			<trkpt lat="35.156514" lon="129.17540499999998">
				<ele>14.683333333333334</ele>
			</trkpt>
			<trkpt lat="35.156462090909095" lon="129.17549154545455">
				<ele>14.76939393939394</ele>
			</trkpt>
			<trkpt lat="35.15641018181818" lon="129.17557809090908">
				<ele>14.855454545454545</ele>
			</trkpt>
			<trkpt lat="35.156358272727275" lon="129.17566463636362">
				<ele>14.941515151515151</ele>
			</trkpt>
			<trkpt lat="35.15630636363637" lon="129.17575118181819">
				<ele>15.027575757575757</ele>
			</trkpt>
			<trkpt lat="35.156254454545454" lon="129.17583772727272">
				<ele>15.113636363636363</ele>
			</trkpt>
			<trkpt lat="35.15620254545455" lon="129.17592427272726">
				<ele>15.19969696969697</ele>
			</trkpt>
			<trkpt lat="35.156150636363634" lon="129.17601081818182">
				<ele>15.285757575757577</ele>
			</trkpt>
			<trkpt lat="35.15609872727273" lon="129.17609736363636">
				<ele>15.371818181818183</ele>
			</trkpt>
			<trkpt lat="35.15604681818182" lon="129.1761839090909">
				<ele>15.457878787878789</ele>
			</trkpt>
			<trkpt lat="35.15599490909091" lon="129.17627045454546">
				<ele>15.543939393939395</ele>
			</trkpt>
			<trkpt lat="35.155943" lon="129.176357">
				<ele>15.63</ele>
			</trkpt>
			<trkpt lat="35.155898666666666" lon="129.176439">
				<ele>16.125</ele>
			</trkpt>
			<trkpt lat="35.15585433333333" lon="129.176521">
				<ele>16.62</ele>
			</trkpt>
			<trkpt lat="35.15581" lon="129.176603">
				<ele>17.115000000000002</ele>
			</trkpt>
			<trkpt lat="35.15576566666667" lon="129.176685">
				<ele>17.61</ele>
			</trkpt>
			<trkpt lat="35.15572133333333" lon="129.176767">
				<ele>18.105</ele>
			</trkpt>
			<trkpt lat="35.155677" lon="129.176849">
				<ele>18.6</ele>
			</trkpt>
			<trkpt lat="35.155626999999996" lon="129.17692399999999">
				<ele>18.73</ele>
			</trkpt>
			<trkpt lat="35.155577" lon="129.176999">
				<ele>18.86</ele>
			</trkpt>
			<trkpt lat="35.155547" lon="129.17708933333333">
				<ele>18.97</ele>
			</trkpt>
			<trkpt lat="35.155517" lon="129.17717966666666">
				<ele>19.080000000000002</ele>
			</trkpt>
			<trkpt lat="35.155487" lon="129.17727">
				<ele>19.19</ele>
			</trkpt>
			<trkpt lat="35.1554645" lon="129.17735525">
				<ele>19.1</ele>
			</trkpt>
			<trkpt lat="35.155442" lon="129.1774405">
				<ele>19.009999999999998</ele>
			</trkpt>
			<trkpt lat="35.1554195" lon="129.17752575">
				<ele>18.919999999999998</ele>
			</trkpt>
			<trkpt lat="35.155397" lon="129.177611">
				<ele>18.83</ele>
			</trkpt>
			<trkpt lat="35.15538075" lon="129.17770725000003">
				<ele>18.775</ele>
			</trkpt>
			<trkpt lat="35.155364500000005" lon="129.1778035">
				<ele>18.72</ele>
			</trkpt>
			<trkpt lat="35.15534825" lon="129.17789975">
				<ele>18.665</ele>
			</trkpt>
			<trkpt lat="35.155332" lon="129.177996">
				<ele>18.61</ele>
			</trkpt>
			<trkpt lat="35.15532225" lon="129.17809025">
				<ele>18.7025</ele>
			</trkpt>
			<trkpt lat="35.1553125" lon="129.1781845">
				<ele>18.795</ele>
			</trkpt>
			<trkpt lat="35.155302750000004" lon="129.17827875">
				<ele>18.8875</ele>
			</trkpt>
			<trkpt lat="35.155293" lon="129.178373">
				<ele>18.98</ele>
			</trkpt>
			<trkpt lat="35.15528625" lon="129.17847425">
				<ele>18.5075</ele>
			</trkpt>
			<trkpt lat="35.1552795" lon="129.1785755">
				<ele>18.035</ele>
			</trkpt>
			<trkpt lat="35.155272749999995" lon="129.17867675">
				<ele>17.5625</ele>
			</trkpt>
			<trkpt lat="35.155266" lon="129.178778">
				<ele>17.09</ele>
			</trkpt>
			<trkpt lat="35.155242" lon="129.178804">
				<ele>16.97</ele>
			</trkpt>
			<trkpt lat="35.155237666666665" lon="129.178878">
				<ele>16.926666666666666</ele>
			</trkpt>
			<trkpt lat="35.155233333333335" lon="129.178952">
				<ele>16.883333333333333</ele>
			</trkpt>
			<trkpt lat="35.155229" lon="129.179026">
				<ele>16.84</ele>
			</trkpt>
			<trkpt lat="35.15522266666667" lon="129.17912866666666">
				<ele>16.781111111111112</ele>
			</trkpt>
			<trkpt lat="35.155216333333335" lon="129.17923133333332">
				<ele>16.72222222222222</ele>
			</trkpt>
			<trkpt lat="35.15521" lon="129.17933399999998">
				<ele>16.663333333333334</ele>
			</trkpt>
			<trkpt lat="35.155203666666665" lon="129.17943666666665">
				<ele>16.604444444444443</ele>
			</trkpt>
			<trkpt lat="35.155197333333334" lon="129.17953933333334">
				<ele>16.545555555555556</ele>
			</trkpt>
			<trkpt lat="35.155191" lon="129.179642">
				<ele>16.486666666666665</ele>
			</trkpt>
			<trkpt lat="35.15518466666666" lon="129.17974466666666">
				<ele>16.427777777777777</ele>
			</trkpt>
			<trkpt lat="35.15517833333333" lon="129.17984733333333">
				<ele>16.368888888888886</ele>
			</trkpt>
			<trkpt lat="35.155172" lon="129.17995">
				<ele>16.31</ele>
			</trkpt>
			<trkpt lat="35.155194" lon="129.179982">
				<ele>16.42</ele>
			</trkpt>
			<trkpt lat="35.15518733333334" lon="129.18007966666667">
				<ele>16.633333333333333</ele>
			</trkpt>
			<trkpt lat="35.155180666666666" lon="129.18017733333332">
				<ele>16.846666666666668</ele>
			</trkpt>
			<trkpt lat="35.155174" lon="129.180275">
				<ele>17.06</ele>
			</trkpt>
			<trkpt lat="35.155172666666665" lon="129.18036333333333">
				<ele>17.473333333333333</ele>
			</trkpt>
			<trkpt lat="35.155171333333335" lon="129.18045166666667">
				<ele>17.886666666666667</ele>
			</trkpt>
			<trkpt lat="35.15517" lon="129.18054">
				<ele>18.3</ele>
			</trkpt>
			<trkpt lat="35.155174" lon="129.18064866666668">
				<ele>19.153333333333332</ele>
			</trkpt>
			<trkpt lat="35.155178" lon="129.18075733333333">
				<ele>20.006666666666668</ele>
			</trkpt>
			<trkpt lat="35.155182" lon="129.180866">
				<ele>20.86</ele>
			</trkpt>
			<trkpt lat="35.15519166666667" lon="129.180948">
				<ele>21.286666666666665</ele>
			</trkpt>
			<trkpt lat="35.15520133333334" lon="129.18103000000002">
				<ele>21.713333333333335</ele>
			</trkpt>
			<trkpt lat="35.155211" lon="129.181112">
				<ele>22.14</ele>
			</trkpt>
			<trkpt lat="35.15522833333333" lon="129.181213">
				<ele>21.87</ele>
			</trkpt>
			<trkpt lat="35.155245666666666" lon="129.181314">
				<ele>21.599999999999998</ele>
			</trkpt>
			<trkpt lat="35.155263" lon="129.181415">
				<ele>21.33</ele>
			</trkpt>
			<trkpt lat="35.155281333333335" lon="129.1815">
				<ele>21.276666666666667</ele>
			</trkpt>
			<trkpt lat="35.155299666666664" lon="129.18158499999998">
				<ele>21.223333333333333</ele>
			</trkpt>
			<trkpt lat="35.155318" lon="129.18167">
				<ele>21.17</ele>
			</trkpt>
			<trkpt lat="35.1553485" lon="129.181771">
				<ele>21.152500000000003</ele>
			</trkpt>
			<trkpt lat="35.155378999999996" lon="129.181872">
				<ele>21.135</ele>
			</trkpt>
			<trkpt lat="35.1554095" lon="129.181973">
				<ele>21.1175</ele>
			</trkpt>
			<trkpt lat="35.15544" lon="129.182074">
				<ele>21.1</ele>
			</trkpt>
			<trkpt lat="35.1554795" lon="129.18216275">
				<ele>21.14</ele>
			</trkpt>
			<trkpt lat="35.155519" lon="129.1822515">
				<ele>21.18</ele>
			</trkpt>
			<trkpt lat="35.1555585" lon="129.18234025">
				<ele>21.220000000000002</ele>
			</trkpt>
			<trkpt lat="35.155598" lon="129.182429">
				<ele>21.26</ele>
			</trkpt>
			<trkpt lat="35.155634666666664" lon="129.18250133333333">
				<ele>21.310000000000002</ele>
			</trkpt>
			<trkpt lat="35.15567133333333" lon="129.18257366666668">
				<ele>21.36</ele>
			</trkpt>
			<trkpt lat="35.155708" lon="129.182646">
				<ele>21.41</ele>
			</trkpt>
			<trkpt lat="35.15575333333333" lon="129.182723">
				<ele>21.753333333333334</ele>
			</trkpt>
			<trkpt lat="35.15579866666667" lon="129.1828">
				<ele>22.096666666666668</ele>
			</trkpt>
			<trkpt lat="35.155844" lon="129.182877">
				<ele>22.44</ele>
			</trkpt>
			<trkpt lat="35.155903" lon="129.182959">
				<ele>23.35</ele>
			</trkpt>
			<trkpt lat="35.155944000000005" lon="129.1830155">
				<ele>23.975</ele>
			</trkpt>
			<trkpt lat="35.155985" lon="129.183072">
				<ele>24.6</ele>
			</trkpt>
			<trkpt lat="35.1560465" lon="129.18314825000002">
				<ele>25.25</ele>
			</trkpt>
			<trkpt lat="35.156108" lon="129.1832245">
				<ele>25.9</ele>
			</trkpt>
			<trkpt lat="35.1561695" lon="129.18330075">
				<ele>26.55</ele>
			</trkpt>
			<trkpt lat="35.156231" lon="129.183377">
				<ele>27.2</ele>
			</trkpt>
			<trkpt lat="35.15628225" lon="129.183432">
				<ele>27.6525</ele>
			</trkpt>
			<trkpt lat="35.1563335" lon="129.183487">
				<ele>28.105</ele>
			</trkpt>
			<trkpt lat="35.15638475" lon="129.183542">
				<ele>28.5575</ele>
			</trkpt>
			<trkpt lat="35.156436" lon="129.183597">
				<ele>29.01</ele>
			</trkpt>
			<trkpt lat="35.156508307692306" lon="129.18364992307693">
				<ele>29.39923076923077</ele>
			</trkpt>
			<trkpt lat="35.15658061538461" lon="129.18370284615384">
				<ele>29.78846153846154</ele>
			</trkpt>
			<trkpt lat="35.15665292307692" lon="129.18375576923077">
				<ele>30.177692307692308</ele>
			</trkpt>
			<trkpt lat="35.15672523076923" lon="129.18380869230768">
				<ele>30.56692307692308</ele>
			</trkpt>
			<trkpt lat="35.15679753846154" lon="129.18386161538461">
				<ele>30.956153846153846</ele>
			</trkpt>
			<trkpt lat="35.156869846153846" lon="129.18391453846152">
				<ele>31.345384615384617</ele>
			</trkpt>
			<trkpt lat="35.15694215384615" lon="129.18396746153846">
				<ele>31.734615384615385</ele>
			</trkpt>
			<trkpt lat="35.15701446153846" lon="129.18402038461537">
				<ele>32.12384615384615</ele>
			</trkpt>
			<trkpt lat="35.157086769230766" lon="129.1840733076923">
				<ele>32.51307692307692</ele>
			</trkpt>
			<trkpt lat="35.15715907692308" lon="129.1841262307692">
				<ele>32.902307692307694</ele>
			</trkpt>
			<trkpt lat="35.157231384615386" lon="129.18417915384615">
				<ele>33.291538461538465</ele>
			</trkpt>
			<trkpt lat="35.15730369230769" lon="129.18423207692305">
				<ele>33.68076923076923</ele>
			</trkpt>
			<trkpt lat="35.157376" lon="129.184285">
				<ele>34.07</ele>
			</trkpt>
			<trkpt lat="35.157448625" lon="129.18433818749997">
				<ele>33.745625</ele>
			</trkpt>
			<trkpt lat="35.15752125" lon="129.184391375">
				<ele>33.42125</ele>
			</trkpt>
			<trkpt lat="35.157593874999996" lon="129.1844445625">
				<ele>33.096875</ele>
			</trkpt>
			<trkpt lat="35.1576665" lon="129.18449775">
				<ele>32.7725</ele>
			</trkpt>
			<trkpt lat="35.157739125" lon="129.18455093749998">
				<ele>32.448125</ele>
			</trkpt>
			<trkpt lat="35.15781175" lon="129.184604125">
				<ele>32.12375</ele>
			</trkpt>
			<trkpt lat="35.157884375" lon="129.1846573125">
				<ele>31.799374999999998</ele>
			</trkpt>
			<trkpt lat="35.157956999999996" lon="129.1847105">
				<ele>31.475</ele>
			</trkpt>
			<trkpt lat="35.158029625" lon="129.18476368749998">
				<ele>31.150624999999998</ele>
			</trkpt>
			<trkpt lat="35.15810225" lon="129.184816875">
				<ele>30.826249999999998</ele>
			</trkpt>
			<trkpt lat="35.158174875" lon="129.1848700625">
				<ele>30.501875</ele>
			</trkpt>
			<trkpt lat="35.1582475" lon="129.18492325">
				<ele>30.1775</ele>
			</trkpt>
			<trkpt lat="35.158320125" lon="129.18497643749998">
				<ele>29.853125</ele>
			</trkpt>
			<trkpt lat="35.15839275" lon="129.185029625">
				<ele>29.52875</ele>
			</trkpt>
			<trkpt lat="35.158465375" lon="129.1850828125">
				<ele>29.204375</ele>
			</trkpt>
			<trkpt lat="35.158538" lon="129.185136">
				<ele>28.88</ele>
			</trkpt>
			<trkpt lat="35.158605666666666" lon="129.18519733333335">
				<ele>28.551666666666666</ele>
			</trkpt>
			<trkpt lat="35.15867333333333" lon="129.18525866666667">
				<ele>28.223333333333333</ele>
			</trkpt>
			<trkpt lat="35.158741" lon="129.18532">
				<ele>27.895</ele>
			</trkpt>
			<trkpt lat="35.158808666666665" lon="129.18538133333334">
				<ele>27.566666666666666</ele>
			</trkpt>
			<trkpt lat="35.15887633333333" lon="129.1854426666667">
				<ele>27.238333333333333</ele>
			</trkpt>
			<trkpt lat="35.158944" lon="129.185504">
				<ele>26.91</ele>
			</trkpt>
			<trkpt lat="35.1590012" lon="129.1855662">
				<ele>26.862000000000002</ele>
			</trkpt>
			<trkpt lat="35.1590584" lon="129.1856284">
				<ele>26.814</ele>
			</trkpt>
			<trkpt lat="35.1591156" lon="129.1856906">
				<ele>26.766000000000002</ele>
			</trkpt>
			<trkpt lat="35.1591728" lon="129.1857528">
				<ele>26.718</ele>
			</trkpt>
			<trkpt lat="35.15923" lon="129.185815">
				<ele>26.67</ele>
			</trkpt>
			<trkpt lat="35.15928133333333" lon="129.185879">
				<ele>26.143333333333334</ele>
			</trkpt>
			<trkpt lat="35.15933266666667" lon="129.18594299999998">
				<ele>25.616666666666667</ele>
			</trkpt>
			<trkpt lat="35.159384" lon="129.186007">
				<ele>25.09</ele>
			</trkpt>
			<trkpt lat="35.159440000000004" lon="129.18608824999998">
				<ele>24.927500000000002</ele>
			</trkpt>
			<trkpt lat="35.159496000000004" lon="129.1861695">
				<ele>24.765</ele>
			</trkpt>
			<trkpt lat="35.159552" lon="129.18625075">
				<ele>24.6025</ele>
			</trkpt>
			<trkpt lat="35.159608" lon="129.186332">
				<ele>24.44</ele>
			</trkpt>
			<trkpt lat="35.15965142857143" lon="129.18642014285714">
				<ele>24.26857142857143</ele>
			</trkpt>
			<trkpt lat="35.15969485714285" lon="129.18650828571427">
				<ele>24.097142857142856</ele>
			</trkpt>
			<trkpt lat="35.15973828571428" lon="129.18659642857142">
				<ele>23.925714285714285</ele>
			</trkpt>
			<trkpt lat="35.159781714285714" lon="129.18668457142857">
				<ele>23.754285714285714</ele>
			</trkpt>
			<trkpt lat="35.159825142857144" lon="129.18677271428572">
				<ele>23.582857142857144</ele>
			</trkpt>
			<trkpt lat="35.15986857142857" lon="129.18686085714285">
				<ele>23.41142857142857</ele>
			</trkpt>
			<trkpt lat="35.159912" lon="129.186949">
				<ele>23.24</ele>
			</trkpt>
			<trkpt lat="35.15994233333333" lon="129.18703266666665">
				<ele>22.493333333333332</ele>
			</trkpt>
			<trkpt lat="35.15997266666667" lon="129.18711633333334">
				<ele>21.746666666666666</ele>
			</trkpt>
			<trkpt lat="35.160003" lon="129.1872">
				<ele>21.0</ele>
			</trkpt>
			<trkpt lat="35.16003085714286" lon="129.1872884285714">
				<ele>20.065714285714286</ele>
			</trkpt>
			<trkpt lat="35.16005871428572" lon="129.18737685714285">
				<ele>19.13142857142857</ele>
			</trkpt>
			<trkpt lat="35.16008657142857" lon="129.18746528571427">
				<ele>18.197142857142858</ele>
			</trkpt>
			<trkpt lat="35.16011442857143" lon="129.1875537142857">
				<ele>17.262857142857143</ele>
			</trkpt>
			<trkpt lat="35.16014228571429" lon="129.18764214285713">
				<ele>16.32857142857143</ele>
			</trkpt>
			<trkpt lat="35.16017014285715" lon="129.18773057142857">
				<ele>15.394285714285715</ele>
			</trkpt>
			<trkpt lat="35.160198" lon="129.187819">
				<ele>14.46</ele>
			</trkpt>
			<trkpt lat="35.16022779166667" lon="129.18792208333332">
				<ele>14.358333333333334</ele>
			</trkpt>
			<trkpt lat="35.16025758333333" lon="129.18802516666665">
				<ele>14.256666666666668</ele>
			</trkpt>
			<trkpt lat="35.160287375" lon="129.18812824999998">
				<ele>14.155000000000001</ele>
			</trkpt>
			<trkpt lat="35.160317166666665" lon="129.18823133333333">
				<ele>14.053333333333335</ele>
			</trkpt>
			<trkpt lat="35.160346958333335" lon="129.18833441666666">
				<ele>13.951666666666668</ele>
			</trkpt>
			<trkpt lat="35.16037675" lon="129.1884375">
				<ele>13.850000000000001</ele>
			</trkpt>
			<trkpt lat="35.16040654166667" lon="129.18854058333332">
				<ele>13.748333333333333</ele>
			</trkpt>
			<trkpt lat="35.16043633333334" lon="129.18864366666665">
				<ele>13.646666666666667</ele>
			</trkpt>
			<trkpt lat="35.160466125" lon="129.18874675">
				<ele>13.545</ele>
			</trkpt>
			<trkpt lat="35.16049591666667" lon="129.18884983333334">
				<ele>13.443333333333333</ele>
			</trkpt>
			<trkpt lat="35.16052570833333" lon="129.18895291666666">
				<ele>13.341666666666667</ele>
			</trkpt>
			<trkpt lat="35.1605555" lon="129.189056">
				<ele>13.24</ele>
			</trkpt>
			<trkpt lat="35.16058529166667" lon="129.18915908333332">
				<ele>13.138333333333334</ele>
			</trkpt>
			<trkpt lat="35.16061508333333" lon="129.18926216666665">
				<ele>13.036666666666667</ele>
			</trkpt>
			<trkpt lat="35.160644875" lon="129.18936524999998">
				<ele>12.935</ele>
			</trkpt>
			<trkpt lat="35.160674666666665" lon="129.18946833333334">
				<ele>12.833333333333334</ele>
			</trkpt>
			<trkpt lat="35.160704458333335" lon="129.18957141666667">
				<ele>12.731666666666666</ele>
			</trkpt>
			<trkpt lat="35.160734250000004" lon="129.1896745">
				<ele>12.629999999999999</ele>
			</trkpt>
			<trkpt lat="35.16076404166667" lon="129.18977758333332">
				<ele>12.528333333333332</ele>
			</trkpt>
			<trkpt lat="35.16079383333334" lon="129.18988066666665">
				<ele>12.426666666666666</ele>
			</trkpt>
			<trkpt lat="35.160823625" lon="129.18998375">
				<ele>12.325</ele>
			</trkpt>
			<trkpt lat="35.16085341666667" lon="129.19008683333334">
				<ele>12.223333333333333</ele>
			</trkpt>
			<trkpt lat="35.16088320833333" lon="129.19018991666667">
				<ele>12.121666666666666</ele>
			</trkpt>
			<trkpt lat="35.160913" lon="129.190293">
				<ele>12.02</ele>
			</trkpt>
			<trkpt lat="35.1609415625" lon="129.190391">
				<ele>11.926874999999999</ele>
			</trkpt>
			<trkpt lat="35.160970125" lon="129.19048899999999">
				<ele>11.83375</ele>
			</trkpt>
			<trkpt lat="35.1609986875" lon="129.190587">
				<ele>11.740625</ele>
			</trkpt>
			<trkpt lat="35.161027250000004" lon="129.190685">
				<ele>11.647499999999999</ele>
			</trkpt>
			<trkpt lat="35.1610558125" lon="129.19078299999998">
				<ele>11.554375</ele>
			</trkpt>
			<trkpt lat="35.161084375" lon="129.190881">
				<ele>11.46125</ele>
			</trkpt>
			<trkpt lat="35.1611129375" lon="129.190979">
				<ele>11.368125</ele>
			</trkpt>
			<trkpt lat="35.1611415" lon="129.191077">
				<ele>11.274999999999999</ele>
			</trkpt>
			<trkpt lat="35.1611700625" lon="129.191175">
				<ele>11.181875</ele>
			</trkpt>
			<trkpt lat="35.161198625" lon="129.191273">
				<ele>11.08875</ele>
			</trkpt>
			<trkpt lat="35.161227187499996" lon="129.191371">
				<ele>10.995625</ele>
			</trkpt>
			<trkpt lat="35.161255749999995" lon="129.19146899999998">
				<ele>10.9025</ele>
			</trkpt>
			<trkpt lat="35.1612843125" lon="129.191567">
				<ele>10.809375</ele>
			</trkpt>
			<trkpt lat="35.161312875" lon="129.191665">
				<ele>10.716249999999999</ele>
			</trkpt>
			<trkpt lat="35.1613414375" lon="129.19176299999998">
				<ele>10.623125</ele>
			</trkpt>
			<trkpt lat="35.16137" lon="129.191861">
				<ele>10.53</ele>
			</trkpt>
			<trkpt lat="35.161402" lon="129.191848">
				<ele>10.75</ele>
			</trkpt>
			<trkpt lat="35.161443" lon="129.191813">
				<ele>11.06</ele>
			</trkpt>
			<trkpt lat="35.161469499999995" lon="129.1919005">
				<ele>11.04</ele>
			</trkpt>
			<trkpt lat="35.161496" lon="129.191988">
				<ele>11.02</ele>
			</trkpt>
			<trkpt lat="35.161435" lon="129.192037">
				<ele>10.99</ele>
			</trkpt>
			<trkpt lat="35.161466" lon="129.19212066666665">
				<ele>10.881666666666668</ele>
			</trkpt>
			<trkpt lat="35.161497" lon="129.19220433333334">
				<ele>10.773333333333333</ele>
			</trkpt>
			<trkpt lat="35.161528" lon="129.19228800000002">
				<ele>10.665</ele>
			</trkpt>
			<trkpt lat="35.161559" lon="129.19237166666667">
				<ele>10.556666666666667</ele>
			</trkpt>
			<trkpt lat="35.16159" lon="129.19245533333333">
				<ele>10.448333333333334</ele>
			</trkpt>
			<trkpt lat="35.161621" lon="129.192539">
				<ele>10.34</ele>
			</trkpt>
			<trkpt lat="35.161664" lon="129.19262275">
				<ele>10.3775</ele>
			</trkpt>
			<trkpt lat="35.161707" lon="129.19270649999999">
				<ele>10.415</ele>
			</trkpt>
			<trkpt lat="35.16175" lon="129.19279025">
				<ele>10.4525</ele>
			</trkpt>
			<trkpt lat="35.161793" lon="129.192874">
				<ele>10.49</ele>
			</trkpt>
			<trkpt lat="35.16184892857143" lon="129.19295753571427">
				<ele>10.618928571428572</ele>
			</trkpt>
			<trkpt lat="35.16190485714286" lon="129.19304107142855">
				<ele>10.747857142857143</ele>
			</trkpt>
			<trkpt lat="35.161960785714285" lon="129.19312460714283">
				<ele>10.876785714285715</ele>
			</trkpt>
			<trkpt lat="35.16201671428572" lon="129.19320814285715">
				<ele>11.005714285714285</ele>
			</trkpt>
			<trkpt lat="35.16207264285715" lon="129.19329167857143">
				<ele>11.134642857142858</ele>
			</trkpt>
			<trkpt lat="35.162128571428575" lon="129.1933752142857">
				<ele>11.263571428571428</ele>
			</trkpt>
			<trkpt lat="35.1621845" lon="129.19345875">
				<ele>11.3925</ele>
			</trkpt>
			<trkpt lat="35.16224042857143" lon="129.19354228571427">
				<ele>11.521428571428572</ele>
			</trkpt>
			<trkpt lat="35.16229635714286" lon="129.19362582142855">
				<ele>11.650357142857143</ele>
			</trkpt>
			<trkpt lat="35.162352285714285" lon="129.19370935714284">
				<ele>11.779285714285715</ele>
			</trkpt>
			<trkpt lat="35.16240821428572" lon="129.19379289285715">
				<ele>11.908214285714285</ele>
			</trkpt>
			<trkpt lat="35.16246414285715" lon="129.19387642857143">
				<ele>12.037142857142857</ele>
			</trkpt>
			<trkpt lat="35.162520071428574" lon="129.1939599642857">
				<ele>12.166071428571428</ele>
			</trkpt>
			<trkpt lat="35.162576" lon="129.1940435">
				<ele>12.295</ele>
			</trkpt>
			<trkpt lat="35.16263192857143" lon="129.19412703571427">
				<ele>12.423928571428572</ele>
			</trkpt>
			<trkpt lat="35.162687857142856" lon="129.19421057142856">
				<ele>12.552857142857142</ele>
			</trkpt>
			<trkpt lat="35.162743785714284" lon="129.19429410714284">
				<ele>12.681785714285715</ele>
			</trkpt>
			<trkpt lat="35.16279971428572" lon="129.19437764285715">
				<ele>12.810714285714287</ele>
			</trkpt>
			<trkpt lat="35.162855642857146" lon="129.19446117857143">
				<ele>12.939642857142857</ele>
			</trkpt>
			<trkpt lat="35.16291157142857" lon="129.1945447142857">
				<ele>13.068571428571428</ele>
			</trkpt>
			<trkpt lat="35.1629675" lon="129.19462825">
				<ele>13.1975</ele>
			</trkpt>
			<trkpt lat="35.16302342857143" lon="129.19471178571428">
				<ele>13.326428571428572</ele>
			</trkpt>
			<trkpt lat="35.163079357142855" lon="129.19479532142856">
				<ele>13.455357142857142</ele>
			</trkpt>
			<trkpt lat="35.16313528571428" lon="129.19487885714284">
				<ele>13.584285714285715</ele>
			</trkpt>
			<trkpt lat="35.16319121428572" lon="129.19496239285715">
				<ele>13.713214285714287</ele>
			</trkpt>
			<trkpt lat="35.163247142857145" lon="129.19504592857143">
				<ele>13.842142857142857</ele>
			</trkpt>
			<trkpt lat="35.16330307142857" lon="129.1951294642857">
				<ele>13.971071428571427</ele>
			</trkpt>
			<trkpt lat="35.163359" lon="129.195213">
				<ele>14.1</ele>
			</trkpt>
			<trkpt lat="35.16341383333334" lon="129.195281">
				<ele>14.081666666666667</ele>
			</trkpt>
			<trkpt lat="35.16346866666667" lon="129.195349">
				<ele>14.063333333333333</ele>
			</trkpt>
			<trkpt lat="35.1635235" lon="129.195417">
				<ele>14.045</ele>
			</trkpt>
			<trkpt lat="35.163578333333334" lon="129.195485">
				<ele>14.026666666666667</ele>
			</trkpt>
			<trkpt lat="35.16363316666667" lon="129.195553">
				<ele>14.008333333333333</ele>
			</trkpt>
			<trkpt lat="35.163688" lon="129.195621">
				<ele>13.99</ele>
			</trkpt>
			<trkpt lat="35.1637502" lon="129.1956844">
				<ele>14.794</ele>
			</trkpt>
			<trkpt lat="35.1638124" lon="129.1957478">
				<ele>15.598</ele>
			</trkpt>
			<trkpt lat="35.1638746" lon="129.1958112">
				<ele>16.402</ele>
			</trkpt>
			<trkpt lat="35.163936799999995" lon="129.1958746">
				<ele>17.206000000000003</ele>
			</trkpt>
			<trkpt lat="35.163999" lon="129.195938">
				<ele>18.01</ele>
			</trkpt>
			<trkpt lat="35.164043" lon="129.195972">
				<ele>18.875</ele>
			</trkpt>
			<trkpt lat="35.164087" lon="129.196006">
				<ele>19.74</ele>
			</trkpt>
			<trkpt lat="35.164159500000004" lon="129.19605425">
				<ele>20.182499999999997</ele>
			</trkpt>
			<trkpt lat="35.164232" lon="129.1961025">
				<ele>20.625</ele>
			</trkpt>
			<trkpt lat="35.1643045" lon="129.19615075000002">
				<ele>21.067500000000003</ele>
			</trkpt>
			<trkpt lat="35.164377" lon="129.196199">
				<ele>21.51</ele>
			</trkpt>
			<trkpt lat="35.164373" lon="129.196213">
				<ele>20.91</ele>
			</trkpt>
			<trkpt lat="35.164456" lon="129.19624383333334">
				<ele>20.453333333333333</ele>
			</trkpt>
			<trkpt lat="35.164539" lon="129.19627466666665">
				<ele>19.996666666666666</ele>
			</trkpt>
			<trkpt lat="35.164621999999994" lon="129.1963055">
				<ele>19.54</ele>
			</trkpt>
			<trkpt lat="35.164705" lon="129.19633633333333">
				<ele>19.083333333333336</ele>
			</trkpt>
			<trkpt lat="35.164788" lon="129.19636716666665">
				<ele>18.62666666666667</ele>
			</trkpt>
			<trkpt lat="35.164871" lon="129.196398">
				<ele>18.17</ele>
			</trkpt>
			<trkpt lat="35.164938" lon="129.19641433333334">
				<ele>17.993333333333336</ele>
			</trkpt>
			<trkpt lat="35.165005" lon="129.19643066666666">
				<ele>17.816666666666666</ele>
			</trkpt>
			<trkpt lat="35.165072" lon="129.196447">
				<ele>17.64</ele>
			</trkpt>
			<trkpt lat="35.165148" lon="129.19645675">
				<ele>17.495</ele>
			</trkpt>
			<trkpt lat="35.165224" lon="129.19646649999999">
				<ele>17.35</ele>
			</trkpt>
			<trkpt lat="35.1653" lon="129.19647625">
				<ele>17.205</ele>
			</trkpt>
			<trkpt lat="35.165376" lon="129.196486">
				<ele>17.06</ele>
			</trkpt>
			<trkpt lat="35.165448500000004" lon="129.19648775">
				<ele>17.0675</ele>
			</trkpt>
			<trkpt lat="35.165521" lon="129.19648949999998">
				<ele>17.075</ele>
			</trkpt>
			<trkpt lat="35.1655935" lon="129.19649125">
				<ele>17.0825</ele>
			</trkpt>
			<trkpt lat="35.165666" lon="129.196493">
				<ele>17.09</ele>
			</trkpt>
			<trkpt lat="35.16575105882353" lon="129.1964877647059">
				<ele>17.183529411764706</ele>
			</trkpt>
			<trkpt lat="35.16583611764706" lon="129.19648252941178">
				<ele>17.277058823529412</ele>
			</trkpt>
			<trkpt lat="35.16592117647059" lon="129.19647729411764">
				<ele>17.370588235294118</ele>
			</trkpt>
			<trkpt lat="35.16600623529412" lon="129.19647205882353">
				<ele>17.464117647058824</ele>
			</trkpt>
			<trkpt lat="35.16609129411765" lon="129.19646682352942">
				<ele>17.55764705882353</ele>
			</trkpt>
			<trkpt lat="35.16617635294118" lon="129.1964615882353">
				<ele>17.651176470588236</ele>
			</trkpt>
			<trkpt lat="35.16626141176471" lon="129.19645635294117">
				<ele>17.744705882352942</ele>
			</trkpt>
			<trkpt lat="35.16634647058824" lon="129.19645111764706">
				<ele>17.83823529411765</ele>
			</trkpt>
			<trkpt lat="35.16643152941177" lon="129.19644588235295">
				<ele>17.93176470588235</ele>
			</trkpt>
			<trkpt lat="35.1665165882353" lon="129.19644064705884">
				<ele>18.025294117647057</ele>
			</trkpt>
			<trkpt lat="35.166601647058826" lon="129.1964354117647">
				<ele>18.118823529411763</ele>
			</trkpt>
			<trkpt lat="35.166686705882356" lon="129.19643017647059">
				<ele>18.21235294117647</ele>
			</trkpt>
			<trkpt lat="35.166771764705885" lon="129.19642494117647">
				<ele>18.305882352941175</ele>
			</trkpt>
			<trkpt lat="35.166856823529415" lon="129.19641970588236">
				<ele>18.39941176470588</ele>
			</trkpt>
			<trkpt lat="35.166941882352944" lon="129.19641447058822">
				<ele>18.492941176470588</ele>
			</trkpt>
			<trkpt lat="35.16702694117647" lon="129.1964092352941">
				<ele>18.586470588235294</ele>
			</trkpt>
			<trkpt lat="35.167112" lon="129.196404">
				<ele>18.68</ele>
			</trkpt>
			<trkpt lat="35.1671982" lon="129.1964145">
				<ele>18.308</ele>
			</trkpt>
			<trkpt lat="35.1672844" lon="129.196425">
				<ele>17.936</ele>
			</trkpt>
			<trkpt lat="35.167370600000005" lon="129.1964355">
				<ele>17.564</ele>
			</trkpt>
			<trkpt lat="35.167456800000004" lon="129.196446">
				<ele>17.192</ele>
			</trkpt>
			<trkpt lat="35.167543" lon="129.1964565">
				<ele>16.82</ele>
			</trkpt>
			<trkpt lat="35.1676292" lon="129.19646699999998">
				<ele>16.448</ele>
			</trkpt>
			<trkpt lat="35.1677154" lon="129.1964775">
				<ele>16.076</ele>
			</trkpt>
			<trkpt lat="35.167801600000004" lon="129.196488">
				<ele>15.704</ele>
			</trkpt>
			<trkpt lat="35.1678878" lon="129.1964985">
				<ele>15.332</ele>
			</trkpt>
			<trkpt lat="35.167974" lon="129.196509">
				<ele>14.96</ele>
			</trkpt>
			<trkpt lat="35.168031" lon="129.19647750000001">
				<ele>14.575</ele>
			</trkpt>
			<trkpt lat="35.168088" lon="129.196446">
				<ele>14.19</ele>
			</trkpt>
			<trkpt lat="35.168176536585364" lon="129.19646309756098">
				<ele>14.18780487804878</ele>
			</trkpt>
			<trkpt lat="35.16826507317073" lon="129.19648019512195">
				<ele>14.185609756097561</ele>
			</trkpt>
			<trkpt lat="35.168353609756096" lon="129.19649729268295">
				<ele>14.183414634146342</ele>
			</trkpt>
			<trkpt lat="35.16844214634146" lon="129.19651439024392">
				<ele>14.181219512195122</ele>
			</trkpt>
			<trkpt lat="35.16853068292683" lon="129.1965314878049">
				<ele>14.179024390243901</ele>
			</trkpt>
			<trkpt lat="35.168619219512195" lon="129.19654858536586">
				<ele>14.176829268292682</ele>
			</trkpt>
			<trkpt lat="35.16870775609756" lon="129.19656568292683">
				<ele>14.174634146341463</ele>
			</trkpt>
			<trkpt lat="35.16879629268293" lon="129.1965827804878">
				<ele>14.172439024390243</ele>
			</trkpt>
			<trkpt lat="35.16888482926829" lon="129.1965998780488">
				<ele>14.170243902439024</ele>
			</trkpt>
			<trkpt lat="35.16897336585366" lon="129.19661697560977">
				<ele>14.168048780487805</ele>
			</trkpt>
			<trkpt lat="35.16906190243902" lon="129.19663407317074">
				<ele>14.165853658536586</ele>
			</trkpt>
			<trkpt lat="35.169150439024385" lon="129.1966511707317">
				<ele>14.163658536585366</ele>
			</trkpt>
			<trkpt lat="35.16923897560975" lon="129.19666826829268">
				<ele>14.161463414634145</ele>
			</trkpt>
			<trkpt lat="35.16932751219512" lon="129.19668536585365">
				<ele>14.159268292682926</ele>
			</trkpt>
			<trkpt lat="35.169416048780484" lon="129.19670246341465">
				<ele>14.157073170731707</ele>
			</trkpt>
			<trkpt lat="35.16950458536585" lon="129.19671956097562">
				<ele>14.154878048780487</ele>
			</trkpt>
			<trkpt lat="35.169593121951216" lon="129.1967366585366">
				<ele>14.152682926829268</ele>
			</trkpt>
			<trkpt lat="35.16968165853658" lon="129.19675375609756">
				<ele>14.150487804878049</ele>
			</trkpt>
			<trkpt lat="35.16977019512195" lon="129.19677085365853">
				<ele>14.14829268292683</ele>
			</trkpt>
			<trkpt lat="35.169858731707315" lon="129.1967879512195">
				<ele>14.14609756097561</ele>
			</trkpt>
			<trkpt lat="35.16994726829268" lon="129.1968050487805">
				<ele>14.143902439024389</ele>
			</trkpt>
			<trkpt lat="35.17003580487805" lon="129.19682214634147">
				<ele>14.14170731707317</ele>
			</trkpt>
			<trkpt lat="35.17012434146341" lon="129.19683924390245">
				<ele>14.13951219512195</ele>
			</trkpt>
			<trkpt lat="35.17021287804878" lon="129.19685634146342">
				<ele>14.137317073170731</ele>
			</trkpt>
			<trkpt lat="35.170301414634146" lon="129.1968734390244">
				<ele>14.135121951219512</ele>
			</trkpt>
			<trkpt lat="35.17038995121951" lon="129.19689053658536">
				<ele>14.132926829268293</ele>
			</trkpt>
			<trkpt lat="35.17047848780488" lon="129.19690763414636">
				<ele>14.130731707317073</ele>
			</trkpt>
			<trkpt lat="35.170567024390245" lon="129.19692473170733">
				<ele>14.128536585365854</ele>
			</trkpt>
			<trkpt lat="35.17065556097561" lon="129.1969418292683">
				<ele>14.126341463414633</ele>
			</trkpt>
			<trkpt lat="35.17074409756098" lon="129.19695892682927">
				<ele>14.124146341463414</ele>
			</trkpt>
			<trkpt lat="35.170832634146336" lon="129.19697602439024">
				<ele>14.121951219512194</ele>
			</trkpt>
			<trkpt lat="35.1709211707317" lon="129.1969931219512">
				<ele>14.119756097560975</ele>
			</trkpt>
			<trkpt lat="35.17100970731707" lon="129.1970102195122">
				<ele>14.117560975609756</ele>
			</trkpt>
			<trkpt lat="35.171098243902435" lon="129.19702731707318">
				<ele>14.115365853658536</ele>
			</trkpt>
			<trkpt lat="35.1711867804878" lon="129.19704441463415">
				<ele>14.113170731707317</ele>
			</trkpt>
			<trkpt lat="35.17127531707317" lon="129.19706151219512">
				<ele>14.110975609756098</ele>
			</trkpt>
			<trkpt lat="35.171363853658534" lon="129.1970786097561">
				<ele>14.108780487804877</ele>
			</trkpt>
			<trkpt lat="35.1714523902439" lon="129.19709570731706">
				<ele>14.106585365853658</ele>
			</trkpt>
			<trkpt lat="35.171540926829266" lon="129.19711280487806">
				<ele>14.104390243902438</ele>
			</trkpt>
			<trkpt lat="35.17162946341463" lon="129.19712990243903">
				<ele>14.102195121951219</ele>
			</trkpt>
			<trkpt lat="35.171718" lon="129.197147">
				<ele>14.1</ele>
			</trkpt>
			<trkpt lat="35.171807" lon="129.1971575">
				<ele>13.9225</ele>
			</trkpt>
			<trkpt lat="35.171896000000004" lon="129.197168">
				<ele>13.745000000000001</ele>
			</trkpt>
			<trkpt lat="35.171985" lon="129.1971785">
				<ele>13.5675</ele>
			</trkpt>
			<trkpt lat="35.172074" lon="129.197189">
				<ele>13.39</ele>
			</trkpt>
			<trkpt lat="35.17216375" lon="129.1971935">
				<ele>13.305</ele>
			</trkpt>
			<trkpt lat="35.1722535" lon="129.19719800000001">
				<ele>13.22</ele>
			</trkpt>
			<trkpt lat="35.17234325" lon="129.1972025">
				<ele>13.135000000000002</ele>
			</trkpt>
			<trkpt lat="35.172433" lon="129.197207">
				<ele>13.05</ele>
			</trkpt>
			<trkpt lat="35.17251542857143" lon="129.19720257142856">
				<ele>13.132857142857144</ele>
			</trkpt>
			<trkpt lat="35.172597857142854" lon="129.19719814285713">
				<ele>13.215714285714286</ele>
			</trkpt>
			<trkpt lat="35.172680285714286" lon="129.1971937142857">
				<ele>13.29857142857143</ele>
			</trkpt>
			<trkpt lat="35.17276271428571" lon="129.1971892857143">
				<ele>13.381428571428572</ele>
			</trkpt>
			<trkpt lat="35.17284514285714" lon="129.19718485714287">
				<ele>13.464285714285715</ele>
			</trkpt>
			<trkpt lat="35.172927571428566" lon="129.19718042857144">
				<ele>13.547142857142857</ele>
			</trkpt>
			<trkpt lat="35.17301" lon="129.197176">
				<ele>13.63</ele>
			</trkpt>
			<trkpt lat="35.1730905" lon="129.197167">
				<ele>13.665000000000001</ele>
			</trkpt>
			<trkpt lat="35.173170999999996" lon="129.197158">
				<ele>13.7</ele>
			</trkpt>
			<trkpt lat="35.1732515" lon="129.197149">
				<ele>13.735</ele>
			</trkpt>
			<trkpt lat="35.173332" lon="129.19714">
				<ele>13.77</ele>
			</trkpt>
			<trkpt lat="35.1734161875" lon="129.19712199999998">
				<ele>13.743125</ele>
			</trkpt>
			<trkpt lat="35.173500375" lon="129.197104">
				<ele>13.716249999999999</ele>
			</trkpt>
			<trkpt lat="35.173584562500004" lon="129.19708599999998">
				<ele>13.689375</ele>
			</trkpt>
			<trkpt lat="35.173668750000004" lon="129.197068">
				<ele>13.6625</ele>
			</trkpt>
			<trkpt lat="35.1737529375" lon="129.19705">
				<ele>13.635625</ele>
			</trkpt>
			<trkpt lat="35.173837125" lon="129.197032">
				<ele>13.60875</ele>
			</trkpt>
			<trkpt lat="35.1739213125" lon="129.197014">
				<ele>13.581875</ele>
			</trkpt>
			<trkpt lat="35.1740055" lon="129.196996">
				<ele>13.555</ele>
			</trkpt>
			<trkpt lat="35.1740896875" lon="129.196978">
				<ele>13.528125</ele>
			</trkpt>
			<trkpt lat="35.174173875" lon="129.19696">
				<ele>13.501249999999999</ele>
			</trkpt>
			<trkpt lat="35.1742580625" lon="129.196942">
				<ele>13.474375</ele>
			</trkpt>
			<trkpt lat="35.174342249999995" lon="129.196924">
				<ele>13.4475</ele>
			</trkpt>
			<trkpt lat="35.174426437499996" lon="129.196906">
				<ele>13.420625</ele>
			</trkpt>
			<trkpt lat="35.174510624999996" lon="129.196888">
				<ele>13.39375</ele>
			</trkpt>
			<trkpt lat="35.1745948125" lon="129.19687000000002">
				<ele>13.366875</ele>
			</trkpt>
			<trkpt lat="35.174679" lon="129.196852">
				<ele>13.34</ele>
			</trkpt>
			<trkpt lat="35.17476833333333" lon="129.19683833333335">
				<ele>13.146666666666667</ele>
			</trkpt>
			<trkpt lat="35.17485766666667" lon="129.19682466666666">
				<ele>12.953333333333333</ele>
			</trkpt>
			<trkpt lat="35.174947" lon="129.196811">
				<ele>12.76</ele>
			</trkpt>
			<trkpt lat="35.175033500000005" lon="129.19680875">
				<ele>12.4575</ele>
			</trkpt>
			<trkpt lat="35.17512000000001" lon="129.19680649999998">
				<ele>12.155000000000001</ele>
			</trkpt>
			<trkpt lat="35.1752065" lon="129.19680424999999">
				<ele>11.852500000000001</ele>
			</trkpt>
			<trkpt lat="35.175293" lon="129.196802">
				<ele>11.55</ele>
			</trkpt>
			<trkpt lat="35.1753816" lon="129.1968102">
				<ele>11.09</ele>
			</trkpt>
			<trkpt lat="35.1754702" lon="129.19681839999998">
				<ele>10.63</ele>
			</trkpt>
			<trkpt lat="35.175558800000005" lon="129.1968266">
				<ele>10.17</ele>
			</trkpt>
			<trkpt lat="35.1756474" lon="129.1968348">
				<ele>9.71</ele>
			</trkpt>
			<trkpt lat="35.175736" lon="129.196843">
				<ele>9.25</ele>
			</trkpt>
			<trkpt lat="35.1758218" lon="129.196866">
				<ele>8.858</ele>
			</trkpt>
			<trkpt lat="35.1759076" lon="129.196889">
				<ele>8.466</ele>
			</trkpt>
			<trkpt lat="35.175993399999996" lon="129.196912">
				<ele>8.074</ele>
			</trkpt>
			<trkpt lat="35.1760792" lon="129.196935">
				<ele>7.682</ele>
			</trkpt>
			<trkpt lat="35.176165" lon="129.196958">
				<ele>7.29</ele>
			</trkpt>
			<trkpt lat="35.1762465" lon="129.1969915">
				<ele>7.1325</ele>
			</trkpt>
			<trkpt lat="35.176328" lon="129.197025">
				<ele>6.975</ele>
			</trkpt>
			<trkpt lat="35.1764095" lon="129.1970585">
				<ele>6.8175</ele>
			</trkpt>
			<trkpt lat="35.176491" lon="129.197092">
				<ele>6.66</ele>
			</trkpt>
			<trkpt lat="35.17655875" lon="129.19712975">
				<ele>6.6075</ele>
			</trkpt>
			<trkpt lat="35.1766265" lon="129.19716749999998">
				<ele>6.555</ele>
			</trkpt>
			<trkpt lat="35.17669425" lon="129.19720525">
				<ele>6.5025</ele>
			</trkpt>
			<trkpt lat="35.176762" lon="129.197243">
				<ele>6.45</ele>
			</trkpt>
			<trkpt lat="35.17683928571428" lon="129.1972944642857">
				<ele>6.4853571428571435</ele>
			</trkpt>
			<trkpt lat="35.17691657142857" lon="129.19734592857142">
				<ele>6.520714285714286</ele>
			</trkpt>
			<trkpt lat="35.176993857142854" lon="129.19739739285714">
				<ele>6.556071428571428</ele>
			</trkpt>
			<trkpt lat="35.17707114285714" lon="129.19744885714283">
				<ele>6.591428571428572</ele>
			</trkpt>
			<trkpt lat="35.17714842857143" lon="129.19750032142855">
				<ele>6.626785714285715</ele>
			</trkpt>
			<trkpt lat="35.17722571428571" lon="129.19755178571427">
				<ele>6.662142857142857</ele>
			</trkpt>
			<trkpt lat="35.177302999999995" lon="129.19760325">
				<ele>6.6975</ele>
			</trkpt>
			<trkpt lat="35.177380285714285" lon="129.1976547142857">
				<ele>6.732857142857143</ele>
			</trkpt>
			<trkpt lat="35.17745757142857" lon="129.19770617857142">
				<ele>6.768214285714286</ele>
			</trkpt>
			<trkpt lat="35.17753485714285" lon="129.19775764285714">
				<ele>6.803571428571429</ele>
			</trkpt>
			<trkpt lat="35.17761214285714" lon="129.19780910714283">
				<ele>6.838928571428571</ele>
			</trkpt>
			<trkpt lat="35.177689428571426" lon="129.19786057142855">
				<ele>6.8742857142857146</ele>
			</trkpt>
			<trkpt lat="35.17776671428571" lon="129.19791203571427">
				<ele>6.909642857142858</ele>
			</trkpt>
			<trkpt lat="35.17784399999999" lon="129.1979635">
				<ele>6.945</ele>
			</trkpt>
			<trkpt lat="35.177921285714284" lon="129.1980149642857">
				<ele>6.980357142857143</ele>
			</trkpt>
			<trkpt lat="35.17799857142857" lon="129.19806642857142">
				<ele>7.015714285714286</ele>
			</trkpt>
			<trkpt lat="35.17807585714285" lon="129.19811789285714">
				<ele>7.051071428571429</ele>
			</trkpt>
			<trkpt lat="35.17815314285714" lon="129.19816935714283">
				<ele>7.086428571428572</ele>
			</trkpt>
			<trkpt lat="35.178230428571425" lon="129.19822082142855">
				<ele>7.121785714285714</ele>
			</trkpt>
			<trkpt lat="35.17830771428571" lon="129.19827228571427">
				<ele>7.1571428571428575</ele>
			</trkpt>
			<trkpt lat="35.178385" lon="129.19832375">
				<ele>7.192500000000001</ele>
			</trkpt>
			<trkpt lat="35.17846228571428" lon="129.1983752142857">
				<ele>7.227857142857143</ele>
			</trkpt>
			<trkpt lat="35.178539571428566" lon="129.19842667857142">
				<ele>7.263214285714286</ele>
			</trkpt>
			<trkpt lat="35.178616857142856" lon="129.19847814285714">
				<ele>7.298571428571429</ele>
			</trkpt>
			<trkpt lat="35.17869414285714" lon="129.19852960714283">
				<ele>7.333928571428572</ele>
			</trkpt>
			<trkpt lat="35.17877142857142" lon="129.19858107142855">
				<ele>7.369285714285715</ele>
			</trkpt>
			<trkpt lat="35.178848714285714" lon="129.19863253571427">
				<ele>7.404642857142857</ele>
			</trkpt>
			<trkpt lat="35.178926" lon="129.198684">
				<ele>7.44</ele>
			</trkpt>
			<trkpt lat="35.17896666666667" lon="129.19874433333334">
				<ele>7.316666666666667</ele>
			</trkpt>
			<trkpt lat="35.17900733333333" lon="129.19880466666666">
				<ele>7.193333333333333</ele>
			</trkpt>
			<trkpt lat="35.179048" lon="129.198865">
				<ele>7.07</ele>
			</trkpt>
			<trkpt lat="35.179028" lon="129.198873">
				<ele>6.92</ele>
			</trkpt>
			<trkpt lat="35.178966" lon="129.19889999999998">
				<ele>6.43</ele>
			</trkpt>
			<trkpt lat="35.178904" lon="129.198927">
				<ele>5.94</ele>
			</trkpt>
			<trkpt lat="35.17895230769231" lon="129.19901553846154">
				<ele>5.886923076923077</ele>
			</trkpt>
			<trkpt lat="35.179000615384616" lon="129.19910407692308">
				<ele>5.833846153846154</ele>
			</trkpt>
			<trkpt lat="35.17904892307693" lon="129.19919261538462">
				<ele>5.780769230769231</ele>
			</trkpt>
			<trkpt lat="35.17909723076923" lon="129.19928115384616">
				<ele>5.727692307692308</ele>
			</trkpt>
			<trkpt lat="35.17914553846154" lon="129.1993696923077">
				<ele>5.674615384615385</ele>
			</trkpt>
			<trkpt lat="35.17919384615385" lon="129.19945823076924">
				<ele>5.621538461538462</ele>
			</trkpt>
			<trkpt lat="35.179242153846154" lon="129.19954676923075">
				<ele>5.568461538461539</ele>
			</trkpt>
			<trkpt lat="35.179290461538464" lon="129.1996353076923">
				<ele>5.515384615384615</ele>
			</trkpt>
			<trkpt lat="35.179338769230775" lon="129.19972384615383">
				<ele>5.462307692307692</ele>
			</trkpt>
			<trkpt lat="35.17938707692308" lon="129.19981238461537">
				<ele>5.409230769230769</ele>
			</trkpt>
			<trkpt lat="35.17943538461539" lon="129.1999009230769">
				<ele>5.3561538461538465</ele>
			</trkpt>
			<trkpt lat="35.17948369230769" lon="129.19998946153845">
				<ele>5.303076923076923</ele>
			</trkpt>
			<trkpt lat="35.179532" lon="129.200078">
				<ele>5.25</ele>
			</trkpt>
			<trkpt lat="35.17958117647059" lon="129.2001661764706">
				<ele>5.232352941176471</ele>
			</trkpt>
			<trkpt lat="35.17963035294118" lon="129.20025435294116">
				<ele>5.214705882352941</ele>
			</trkpt>
			<trkpt lat="35.179679529411764" lon="129.20034252941176">
				<ele>5.197058823529412</ele>
			</trkpt>
			<trkpt lat="35.179728705882354" lon="129.20043070588235">
				<ele>5.179411764705883</ele>
			</trkpt>
			<trkpt lat="35.179777882352944" lon="129.20051888235292">
				<ele>5.161764705882353</ele>
			</trkpt>
			<trkpt lat="35.179827058823534" lon="129.20060705882352">
				<ele>5.144117647058824</ele>
			</trkpt>
			<trkpt lat="35.17987623529412" lon="129.20069523529412">
				<ele>5.126470588235295</ele>
			</trkpt>
			<trkpt lat="35.17992541176471" lon="129.2007834117647">
				<ele>5.108823529411765</ele>
			</trkpt>
			<trkpt lat="35.1799745882353" lon="129.2008715882353">
				<ele>5.091176470588235</ele>
			</trkpt>
			<trkpt lat="35.180023764705886" lon="129.20095976470586">
				<ele>5.073529411764706</ele>
			</trkpt>
			<trkpt lat="35.18007294117647" lon="129.20104794117645">
				<ele>5.055882352941176</ele>
			</trkpt>
			<trkpt lat="35.18012211764706" lon="129.20113611764705">
				<ele>5.038235294117647</ele>
			</trkpt>
			<trkpt lat="35.18017129411765" lon="129.20122429411762">
				<ele>5.020588235294118</ele>
			</trkpt>
			<trkpt lat="35.18022047058824" lon="129.20131247058822">
				<ele>5.002941176470588</ele>
			</trkpt>
			<trkpt lat="35.18026964705882" lon="129.20140064705882">
				<ele>4.985294117647059</ele>
			</trkpt>
			<trkpt lat="35.18031882352941" lon="129.2014888235294">
				<ele>4.9676470588235295</ele>
			</trkpt>
			<trkpt lat="35.180368" lon="129.201577">
				<ele>4.95</ele>
			</trkpt>
			<trkpt lat="35.180404" lon="129.20167466666666">
				<ele>5.156666666666667</ele>
			</trkpt>
			<trkpt lat="35.180440000000004" lon="129.20177233333334">
				<ele>5.363333333333333</ele>
			</trkpt>
			<trkpt lat="35.180476" lon="129.20186999999999">
				<ele>5.57</ele>
			</trkpt>
			<trkpt lat="35.180512" lon="129.20196766666666">
				<ele>5.776666666666667</ele>
			</trkpt>
			<trkpt lat="35.180548" lon="129.20206533333334">
				<ele>5.983333333333333</ele>
			</trkpt>
			<trkpt lat="35.180584" lon="129.202163">
				<ele>6.19</ele>
			</trkpt>
			<trkpt lat="35.180607333333334" lon="129.20225866666667">
				<ele>6.253333333333334</ele>
			</trkpt>
			<trkpt lat="35.180630666666666" lon="129.20235433333335">
				<ele>6.316666666666666</ele>
			</trkpt>
			<trkpt lat="35.180654" lon="129.20245">
				<ele>6.38</ele>
			</trkpt>
			<trkpt lat="35.180630666666666" lon="129.20235433333335">
				<ele>6.316666666666666</ele>
			</trkpt>
			<trkpt lat="35.180607333333334" lon="129.20225866666667">
				<ele>6.253333333333334</ele>
			</trkpt>
			<trkpt lat="35.180584" lon="129.202163">
				<ele>6.19</ele>
			</trkpt>
			<trkpt lat="35.180548" lon="129.20206533333334">
				<ele>5.983333333333333</ele>
			</trkpt>
			<trkpt lat="35.180512" lon="129.20196766666666">
				<ele>5.776666666666667</ele>
			</trkpt>
			<trkpt lat="35.180476" lon="129.20186999999999">
				<ele>5.57</ele>
			</trkpt>
			<trkpt lat="35.180440000000004" lon="129.20177233333334">
				<ele>5.363333333333333</ele>
			</trkpt>
			<trkpt lat="35.180404" lon="129.20167466666666">
				<ele>5.156666666666667</ele>
			</trkpt>
			<trkpt lat="35.180368" lon="129.201577">
				<ele>4.95</ele>
			</trkpt>
			<trkpt lat="35.18031882352941" lon="129.2014888235294">
				<ele>4.9676470588235295</ele>
			</trkpt>
			<trkpt lat="35.18026964705882" lon="129.20140064705882">
				<ele>4.985294117647059</ele>
			</trkpt>
			<trkpt lat="35.18022047058824" lon="129.20131247058822">
				<ele>5.002941176470588</ele>
			</trkpt>
			<trkpt lat="35.18017129411765" lon="129.20122429411762">
				<ele>5.020588235294118</ele>
			</trkpt>
			<trkpt lat="35.18012211764706" lon="129.20113611764705">
				<ele>5.038235294117647</ele>
			</trkpt>
			<trkpt lat="35.18007294117647" lon="129.20104794117645">
				<ele>5.055882352941176</ele>
			</trkpt>
			<trkpt lat="35.180023764705886" lon="129.20095976470586">
				<ele>5.073529411764706</ele>
			</trkpt>
			<trkpt lat="35.1799745882353" lon="129.2008715882353">
				<ele>5.091176470588235</ele>
			</trkpt>
			<trkpt lat="35.17992541176471" lon="129.2007834117647">
				<ele>5.108823529411765</ele>
			</trkpt>
			<trkpt lat="35.17987623529412" lon="129.20069523529412">
				<ele>5.126470588235295</ele>
			</trkpt>
			<trkpt lat="35.179827058823534" lon="129.20060705882352">
				<ele>5.144117647058824</ele>
			</trkpt>
			<trkpt lat="35.179777882352944" lon="129.20051888235292">
				<ele>5.161764705882353</ele>
			</trkpt>
			<trkpt lat="35.179728705882354" lon="129.20043070588235">
				<ele>5.179411764705883</ele>
			</trkpt>
			<trkpt lat="35.179679529411764" lon="129.20034252941176">
				<ele>5.197058823529412</ele>
			</trkpt>
			<trkpt lat="35.17963035294118" lon="129.20025435294116">
				<ele>5.214705882352941</ele>
			</trkpt>
			<trkpt lat="35.17958117647059" lon="129.2001661764706">
				<ele>5.232352941176471</ele>
			</trkpt>
			<trkpt lat="35.179532" lon="129.200078">
				<ele>5.25</ele>
			</trkpt>
			<trkpt lat="35.17948369230769" lon="129.19998946153845">
				<ele>5.303076923076923</ele>
			</trkpt>
			<trkpt lat="35.17943538461539" lon="129.1999009230769">
				<ele>5.3561538461538465</ele>
			</trkpt>
			<trkpt lat="35.17938707692308" lon="129.19981238461537">
				<ele>5.40923076923077</ele>
			</trkpt>
			<trkpt lat="35.179338769230775" lon="129.19972384615383">
				<ele>5.462307692307692</ele>
			</trkpt>
			<trkpt lat="35.179290461538464" lon="129.1996353076923">
				<ele>5.515384615384615</ele>
			</trkpt>
			<trkpt lat="35.179242153846154" lon="129.19954676923075">
				<ele>5.568461538461539</ele>
			</trkpt>
			<trkpt lat="35.17919384615385" lon="129.19945823076924">
				<ele>5.621538461538462</ele>
			</trkpt>
			<trkpt lat="35.17914553846154" lon="129.1993696923077">
				<ele>5.674615384615385</ele>
			</trkpt>
			<trkpt lat="35.17909723076923" lon="129.19928115384616">
				<ele>5.727692307692308</ele>
			</trkpt>
			<trkpt lat="35.17904892307693" lon="129.19919261538462">
				<ele>5.780769230769231</ele>
			</trkpt>
			<trkpt lat="35.179000615384616" lon="129.19910407692308">
				<ele>5.833846153846154</ele>
			</trkpt>
			<trkpt lat="35.17895230769231" lon="129.19901553846154">
				<ele>5.886923076923077</ele>
			</trkpt>
			<trkpt lat="35.178904" lon="129.198927">
				<ele>5.94</ele>
			</trkpt>
			<trkpt lat="35.178976000000006" lon="129.198896">
				<ele>6.505000000000001</ele>
			</trkpt>
			<trkpt lat="35.179048" lon="129.198865">
				<ele>7.07</ele>
			</trkpt>
			<trkpt lat="35.17900733333333" lon="129.19880466666666">
				<ele>7.193333333333333</ele>
			</trkpt>
			<trkpt lat="35.17896666666667" lon="129.19874433333334">
				<ele>7.316666666666667</ele>
			</trkpt>
			<trkpt lat="35.178926" lon="129.198684">
				<ele>7.44</ele>
			</trkpt>
			<trkpt lat="35.178848714285714" lon="129.19863253571427">
				<ele>7.404642857142857</ele>
			</trkpt>
			<trkpt lat="35.17877142857142" lon="129.19858107142855">
				<ele>7.369285714285715</ele>
			</trkpt>
			<trkpt lat="35.17869414285714" lon="129.19852960714283">
				<ele>7.333928571428572</ele>
			</trkpt>
			<trkpt lat="35.178616857142856" lon="129.19847814285714">
				<ele>7.298571428571429</ele>
			</trkpt>
			<trkpt lat="35.178539571428566" lon="129.19842667857142">
				<ele>7.263214285714286</ele>
			</trkpt>
			<trkpt lat="35.17846228571428" lon="129.1983752142857">
				<ele>7.227857142857143</ele>
			</trkpt>
			<trkpt lat="35.178385" lon="129.19832375">
				<ele>7.192500000000001</ele>
			</trkpt>
			<trkpt lat="35.17830771428571" lon="129.19827228571427">
				<ele>7.1571428571428575</ele>
			</trkpt>
			<trkpt lat="35.178230428571425" lon="129.19822082142855">
				<ele>7.121785714285714</ele>
			</trkpt>
			<trkpt lat="35.17815314285714" lon="129.19816935714283">
				<ele>7.086428571428572</ele>
			</trkpt>
			<trkpt lat="35.17807585714285" lon="129.19811789285714">
				<ele>7.051071428571429</ele>
			</trkpt>
			<trkpt lat="35.17799857142857" lon="129.19806642857142">
				<ele>7.015714285714286</ele>
			</trkpt>
			<trkpt lat="35.177921285714284" lon="129.1980149642857">
				<ele>6.980357142857143</ele>
			</trkpt>
			<trkpt lat="35.17784399999999" lon="129.1979635">
				<ele>6.945</ele>
			</trkpt>
			<trkpt lat="35.17776671428571" lon="129.19791203571427">
				<ele>6.909642857142858</ele>
			</trkpt>
			<trkpt lat="35.177689428571426" lon="129.19786057142855">
				<ele>6.8742857142857146</ele>
			</trkpt>
			<trkpt lat="35.17761214285714" lon="129.19780910714283">
				<ele>6.838928571428571</ele>
			</trkpt>
			<trkpt lat="35.17753485714285" lon="129.19775764285714">
				<ele>6.803571428571429</ele>
			</trkpt>
			<trkpt lat="35.17745757142857" lon="129.19770617857142">
				<ele>6.768214285714286</ele>
			</trkpt>
			<trkpt lat="35.177380285714285" lon="129.1976547142857">
				<ele>6.732857142857143</ele>
			</trkpt>
			<trkpt lat="35.177302999999995" lon="129.19760325">
				<ele>6.6975</ele>
			</trkpt>
			<trkpt lat="35.17722571428571" lon="129.19755178571427">
				<ele>6.662142857142857</ele>
			</trkpt>
			<trkpt lat="35.17714842857143" lon="129.19750032142855">
				<ele>6.626785714285715</ele>
			</trkpt>
			<trkpt lat="35.17707114285714" lon="129.19744885714283">
				<ele>6.591428571428572</ele>
			</trkpt>
			<trkpt lat="35.176993857142854" lon="129.19739739285714">
				<ele>6.556071428571428</ele>
			</trkpt>
			<trkpt lat="35.17691657142857" lon="129.19734592857142">
				<ele>6.520714285714286</ele>
			</trkpt>
			<trkpt lat="35.17683928571428" lon="129.1972944642857">
				<ele>6.4853571428571435</ele>
			</trkpt>
			<trkpt lat="35.176762" lon="129.197243">
				<ele>6.45</ele>
			</trkpt>
			<trkpt lat="35.17669425" lon="129.19720525">
				<ele>6.5025</ele>
			</trkpt>
			<trkpt lat="35.1766265" lon="129.19716749999998">
				<ele>6.555</ele>
			</trkpt>
			<trkpt lat="35.17655875" lon="129.19712975">
				<ele>6.6075</ele>
			</trkpt>
			<trkpt lat="35.176491" lon="129.197092">
				<ele>6.66</ele>
			</trkpt>
			<trkpt lat="35.1764095" lon="129.1970585">
				<ele>6.8175</ele>
			</trkpt>
			<trkpt lat="35.176328" lon="129.197025">
				<ele>6.975</ele>
			</trkpt>
			<trkpt lat="35.1762465" lon="129.1969915">
				<ele>7.1325</ele>
			</trkpt>
			<trkpt lat="35.176165" lon="129.196958">
				<ele>7.29</ele>
			</trkpt>
			<trkpt lat="35.1760792" lon="129.196935">
				<ele>7.682</ele>
			</trkpt>
			<trkpt lat="35.175993399999996" lon="129.196912">
				<ele>8.074</ele>
			</trkpt>
			<trkpt lat="35.1759076" lon="129.196889">
				<ele>8.466000000000001</ele>
			</trkpt>
			<trkpt lat="35.1758218" lon="129.196866">
				<ele>8.858</ele>
			</trkpt>
			<trkpt lat="35.175736" lon="129.196843">
				<ele>9.25</ele>
			</trkpt>
			<trkpt lat="35.1756474" lon="129.1968348">
				<ele>9.71</ele>
			</trkpt>
			<trkpt lat="35.175558800000005" lon="129.1968266">
				<ele>10.17</ele>
			</trkpt>
			<trkpt lat="35.1754702" lon="129.19681839999998">
				<ele>10.63</ele>
			</trkpt>
			<trkpt lat="35.1753816" lon="129.1968102">
				<ele>11.09</ele>
			</trkpt>
			<trkpt lat="35.175293" lon="129.196802">
				<ele>11.55</ele>
			</trkpt>
			<trkpt lat="35.1752065" lon="129.19680424999999">
				<ele>11.852500000000001</ele>
			</trkpt>
			<trkpt lat="35.17512000000001" lon="129.19680649999998">
				<ele>12.155000000000001</ele>
			</trkpt>
			<trkpt lat="35.175033500000005" lon="129.19680875">
				<ele>12.4575</ele>
			</trkpt>
			<trkpt lat="35.174947" lon="129.196811">
				<ele>12.76</ele>
			</trkpt>
			<trkpt lat="35.17485766666667" lon="129.19682466666666">
				<ele>12.953333333333333</ele>
			</trkpt>
			<trkpt lat="35.17476833333333" lon="129.19683833333335">
				<ele>13.146666666666667</ele>
			</trkpt>
			<trkpt lat="35.174679" lon="129.196852">
				<ele>13.34</ele>
			</trkpt>
			<trkpt lat="35.1745948125" lon="129.19687000000002">
				<ele>13.366875</ele>
			</trkpt>
			<trkpt lat="35.174510624999996" lon="129.196888">
				<ele>13.39375</ele>
			</trkpt>
			<trkpt lat="35.174426437499996" lon="129.196906">
				<ele>13.420625</ele>
			</trkpt>
			<trkpt lat="35.174342249999995" lon="129.196924">
				<ele>13.4475</ele>
			</trkpt>
			<trkpt lat="35.1742580625" lon="129.196942">
				<ele>13.474375</ele>
			</trkpt>
			<trkpt lat="35.174173875" lon="129.19696">
				<ele>13.501249999999999</ele>
			</trkpt>
			<trkpt lat="35.1740896875" lon="129.196978">
				<ele>13.528125</ele>
			</trkpt>
			<trkpt lat="35.1740055" lon="129.196996">
				<ele>13.555</ele>
			</trkpt>
			<trkpt lat="35.1739213125" lon="129.197014">
				<ele>13.581875</ele>
			</trkpt>
			<trkpt lat="35.173837125" lon="129.197032">
				<ele>13.60875</ele>
			</trkpt>
			<trkpt lat="35.1737529375" lon="129.19705">
				<ele>13.635625</ele>
			</trkpt>
			<trkpt lat="35.173668750000004" lon="129.197068">
				<ele>13.6625</ele>
			</trkpt>
			<trkpt lat="35.173584562500004" lon="129.19708599999998">
				<ele>13.689375</ele>
			</trkpt>
			<trkpt lat="35.173500375" lon="129.197104">
				<ele>13.716249999999999</ele>
			</trkpt>
			<trkpt lat="35.1734161875" lon="129.19712199999998">
				<ele>13.743125</ele>
			</trkpt>
			<trkpt lat="35.173332" lon="129.19714">
				<ele>13.77</ele>
			</trkpt>
			<trkpt lat="35.173244000000004" lon="129.197151">
				<ele>13.743333333333332</ele>
			</trkpt>
			<trkpt lat="35.173156" lon="129.197162">
				<ele>13.716666666666667</ele>
			</trkpt>
			<trkpt lat="35.173068" lon="129.197173">
				<ele>13.69</ele>
			</trkpt>
			<trkpt lat="35.172988625" lon="129.19717724999998">
				<ele>13.61</ele>
			</trkpt>
			<trkpt lat="35.172909250000004" lon="129.1971815">
				<ele>13.53</ele>
			</trkpt>
			<trkpt lat="35.172829875" lon="129.19718575">
				<ele>13.45</ele>
			</trkpt>
			<trkpt lat="35.1727505" lon="129.19718999999998">
				<ele>13.370000000000001</ele>
			</trkpt>
			<trkpt lat="35.172671125" lon="129.19719425">
				<ele>13.290000000000001</ele>
			</trkpt>
			<trkpt lat="35.172591749999995" lon="129.19719849999998">
				<ele>13.21</ele>
			</trkpt>
			<trkpt lat="35.172512375" lon="129.19720275">
				<ele>13.13</ele>
			</trkpt>
			<trkpt lat="35.172433" lon="129.197207">
				<ele>13.05</ele>
			</trkpt>
			<trkpt lat="35.17234325" lon="129.1972025">
				<ele>13.135000000000002</ele>
			</trkpt>
			<trkpt lat="35.1722535" lon="129.19719800000001">
				<ele>13.22</ele>
			</trkpt>
			<trkpt lat="35.17216375" lon="129.1971935">
				<ele>13.305</ele>
			</trkpt>
			<trkpt lat="35.172074" lon="129.197189">
				<ele>13.39</ele>
			</trkpt>
			<trkpt lat="35.171985" lon="129.1971785">
				<ele>13.5675</ele>
			</trkpt>
			<trkpt lat="35.171896000000004" lon="129.197168">
				<ele>13.745000000000001</ele>
			</trkpt>
			<trkpt lat="35.171807" lon="129.1971575">
				<ele>13.9225</ele>
			</trkpt>
			<trkpt lat="35.171718" lon="129.197147">
				<ele>14.1</ele>
			</trkpt>
			<trkpt lat="35.17162946341463" lon="129.19712990243903">
				<ele>14.102195121951219</ele>
			</trkpt>
			<trkpt lat="35.171540926829266" lon="129.19711280487806">
				<ele>14.104390243902438</ele>
			</trkpt>
			<trkpt lat="35.1714523902439" lon="129.19709570731706">
				<ele>14.106585365853658</ele>
			</trkpt>
			<trkpt lat="35.171363853658534" lon="129.1970786097561">
				<ele>14.108780487804877</ele>
			</trkpt>
			<trkpt lat="35.17127531707317" lon="129.19706151219512">
				<ele>14.110975609756098</ele>
			</trkpt>
			<trkpt lat="35.1711867804878" lon="129.19704441463415">
				<ele>14.113170731707317</ele>
			</trkpt>
			<trkpt lat="35.171098243902435" lon="129.19702731707318">
				<ele>14.115365853658536</ele>
			</trkpt>
			<trkpt lat="35.17100970731707" lon="129.1970102195122">
				<ele>14.117560975609756</ele>
			</trkpt>
			<trkpt lat="35.1709211707317" lon="129.1969931219512">
				<ele>14.119756097560975</ele>
			</trkpt>
			<trkpt lat="35.170832634146336" lon="129.19697602439024">
				<ele>14.121951219512194</ele>
			</trkpt>
			<trkpt lat="35.17074409756098" lon="129.19695892682927">
				<ele>14.124146341463414</ele>
			</trkpt>
			<trkpt lat="35.17065556097561" lon="129.1969418292683">
				<ele>14.126341463414633</ele>
			</trkpt>
			<trkpt lat="35.170567024390245" lon="129.19692473170733">
				<ele>14.128536585365854</ele>
			</trkpt>
			<trkpt lat="35.17047848780488" lon="129.19690763414636">
				<ele>14.130731707317073</ele>
			</trkpt>
			<trkpt lat="35.17038995121951" lon="129.19689053658536">
				<ele>14.132926829268293</ele>
			</trkpt>
			<trkpt lat="35.170301414634146" lon="129.1968734390244">
				<ele>14.135121951219512</ele>
			</trkpt>
			<trkpt lat="35.17021287804878" lon="129.19685634146342">
				<ele>14.137317073170731</ele>
			</trkpt>
			<trkpt lat="35.17012434146341" lon="129.19683924390245">
				<ele>14.13951219512195</ele>
			</trkpt>
			<trkpt lat="35.17003580487805" lon="129.19682214634147">
				<ele>14.14170731707317</ele>
			</trkpt>
			<trkpt lat="35.16994726829268" lon="129.1968050487805">
				<ele>14.143902439024389</ele>
			</trkpt>
			<trkpt lat="35.169858731707315" lon="129.1967879512195">
				<ele>14.14609756097561</ele>
			</trkpt>
			<trkpt lat="35.16977019512195" lon="129.19677085365853">
				<ele>14.14829268292683</ele>
			</trkpt>
			<trkpt lat="35.16968165853658" lon="129.19675375609756">
				<ele>14.150487804878049</ele>
			</trkpt>
			<trkpt lat="35.169593121951216" lon="129.1967366585366">
				<ele>14.152682926829268</ele>
			</trkpt>
			<trkpt lat="35.16950458536585" lon="129.19671956097562">
				<ele>14.154878048780487</ele>
			</trkpt>
			<trkpt lat="35.169416048780484" lon="129.19670246341465">
				<ele>14.157073170731707</ele>
			</trkpt>
			<trkpt lat="35.16932751219512" lon="129.19668536585365">
				<ele>14.159268292682926</ele>
			</trkpt>
			<trkpt lat="35.16923897560975" lon="129.19666826829268">
				<ele>14.161463414634145</ele>
			</trkpt>
			<trkpt lat="35.169150439024385" lon="129.1966511707317">
				<ele>14.163658536585366</ele>
			</trkpt>
			<trkpt lat="35.16906190243902" lon="129.19663407317074">
				<ele>14.165853658536586</ele>
			</trkpt>
			<trkpt lat="35.16897336585366" lon="129.19661697560977">
				<ele>14.168048780487805</ele>
			</trkpt>
			<trkpt lat="35.16888482926829" lon="129.1965998780488">
				<ele>14.170243902439024</ele>
			</trkpt>
			<trkpt lat="35.16879629268293" lon="129.1965827804878">
				<ele>14.172439024390243</ele>
			</trkpt>
			<trkpt lat="35.16870775609756" lon="129.19656568292683">
				<ele>14.174634146341463</ele>
			</trkpt>
			<trkpt lat="35.168619219512195" lon="129.19654858536586">
				<ele>14.176829268292682</ele>
			</trkpt>
			<trkpt lat="35.16853068292683" lon="129.1965314878049">
				<ele>14.179024390243901</ele>
			</trkpt>
			<trkpt lat="35.16844214634146" lon="129.19651439024392">
				<ele>14.181219512195122</ele>
			</trkpt>
			<trkpt lat="35.168353609756096" lon="129.19649729268295">
				<ele>14.183414634146342</ele>
			</trkpt>
			<trkpt lat="35.16826507317073" lon="129.19648019512195">
				<ele>14.185609756097561</ele>
			</trkpt>
			<trkpt lat="35.168176536585364" lon="129.19646309756098">
				<ele>14.18780487804878</ele>
			</trkpt>
			<trkpt lat="35.168088" lon="129.196446">
				<ele>14.19</ele>
			</trkpt>
			<trkpt lat="35.168031" lon="129.19647750000001">
				<ele>14.575</ele>
			</trkpt>
			<trkpt lat="35.167974" lon="129.196509">
				<ele>14.96</ele>
			</trkpt>
			<trkpt lat="35.1678878" lon="129.1964985">
				<ele>15.332</ele>
			</trkpt>
			<trkpt lat="35.167801600000004" lon="129.196488">
				<ele>15.704</ele>
			</trkpt>
			<trkpt lat="35.1677154" lon="129.1964775">
				<ele>16.076</ele>
			</trkpt>
			<trkpt lat="35.1676292" lon="129.19646699999998">
				<ele>16.448</ele>
			</trkpt>
			<trkpt lat="35.167543" lon="129.1964565">
				<ele>16.82</ele>
			</trkpt>
			<trkpt lat="35.167456800000004" lon="129.196446">
				<ele>17.192</ele>
			</trkpt>
			<trkpt lat="35.167370600000005" lon="129.1964355">
				<ele>17.564</ele>
			</trkpt>
			<trkpt lat="35.1672844" lon="129.196425">
				<ele>17.936</ele>
			</trkpt>
			<trkpt lat="35.1671982" lon="129.1964145">
				<ele>18.308</ele>
			</trkpt>
			<trkpt lat="35.167112" lon="129.196404">
				<ele>18.68</ele>
			</trkpt>
			<trkpt lat="35.16702694117647" lon="129.1964092352941">
				<ele>18.586470588235294</ele>
			</trkpt>
			<trkpt lat="35.166941882352944" lon="129.19641447058822">
				<ele>18.492941176470588</ele>
			</trkpt>
			<trkpt lat="35.166856823529415" lon="129.19641970588236">
				<ele>18.39941176470588</ele>
			</trkpt>
			<trkpt lat="35.166771764705885" lon="129.19642494117647">
				<ele>18.305882352941175</ele>
			</trkpt>
			<trkpt lat="35.166686705882356" lon="129.19643017647059">
				<ele>18.21235294117647</ele>
			</trkpt>
			<trkpt lat="35.166601647058826" lon="129.1964354117647">
				<ele>18.118823529411763</ele>
			</trkpt>
			<trkpt lat="35.1665165882353" lon="129.19644064705884">
				<ele>18.025294117647057</ele>
			</trkpt>
			<trkpt lat="35.16643152941177" lon="129.19644588235295">
				<ele>17.93176470588235</ele>
			</trkpt>
			<trkpt lat="35.16634647058824" lon="129.19645111764706">
				<ele>17.83823529411765</ele>
			</trkpt>
			<trkpt lat="35.16626141176471" lon="129.19645635294117">
				<ele>17.744705882352942</ele>
			</trkpt>
			<trkpt lat="35.16617635294118" lon="129.1964615882353">
				<ele>17.651176470588236</ele>
			</trkpt>
			<trkpt lat="35.16609129411765" lon="129.19646682352942">
				<ele>17.55764705882353</ele>
			</trkpt>
			<trkpt lat="35.16600623529412" lon="129.19647205882353">
				<ele>17.464117647058824</ele>
			</trkpt>
			<trkpt lat="35.16592117647059" lon="129.19647729411764">
				<ele>17.370588235294118</ele>
			</trkpt>
			<trkpt lat="35.16583611764706" lon="129.19648252941178">
				<ele>17.277058823529412</ele>
			</trkpt>
			<trkpt lat="35.16575105882353" lon="129.1964877647059">
				<ele>17.183529411764706</ele>
			</trkpt>
			<trkpt lat="35.165666" lon="129.196493">
				<ele>17.09</ele>
			</trkpt>
			<trkpt lat="35.1655935" lon="129.19649125">
				<ele>17.0825</ele>
			</trkpt>
			<trkpt lat="35.165521" lon="129.19648949999998">
				<ele>17.075</ele>
			</trkpt>
			<trkpt lat="35.165448500000004" lon="129.19648775">
				<ele>17.0675</ele>
			</trkpt>
			<trkpt lat="35.165376" lon="129.196486">
				<ele>17.06</ele>
			</trkpt>
			<trkpt lat="35.1653" lon="129.19647625">
				<ele>17.205</ele>
			</trkpt>
			<trkpt lat="35.165224" lon="129.19646649999999">
				<ele>17.35</ele>
			</trkpt>
			<trkpt lat="35.165148" lon="129.19645675">
				<ele>17.495</ele>
			</trkpt>
			<trkpt lat="35.165072" lon="129.196447">
				<ele>17.64</ele>
			</trkpt>
			<trkpt lat="35.165005" lon="129.19643066666666">
				<ele>17.816666666666666</ele>
			</trkpt>
			<trkpt lat="35.164938" lon="129.19641433333334">
				<ele>17.993333333333336</ele>
			</trkpt>
			<trkpt lat="35.164871" lon="129.196398">
				<ele>18.17</ele>
			</trkpt>
			<trkpt lat="35.164788" lon="129.19636716666665">
				<ele>18.62666666666667</ele>
			</trkpt>
			<trkpt lat="35.164705" lon="129.19633633333333">
				<ele>19.083333333333336</ele>
			</trkpt>
			<trkpt lat="35.164621999999994" lon="129.1963055">
				<ele>19.54</ele>
			</trkpt>
			<trkpt lat="35.164539" lon="129.19627466666665">
				<ele>19.996666666666666</ele>
			</trkpt>
			<trkpt lat="35.164456" lon="129.19624383333334">
				<ele>20.453333333333333</ele>
			</trkpt>
			<trkpt lat="35.164373" lon="129.196213">
				<ele>20.91</ele>
			</trkpt>
			<trkpt lat="35.164377" lon="129.196199">
				<ele>21.51</ele>
			</trkpt>
			<trkpt lat="35.1643045" lon="129.19615075000002">
				<ele>21.067500000000003</ele>
			</trkpt>
			<trkpt lat="35.164232" lon="129.1961025">
				<ele>20.625</ele>
			</trkpt>
			<trkpt lat="35.164159500000004" lon="129.19605425">
				<ele>20.182499999999997</ele>
			</trkpt>
			<trkpt lat="35.164087" lon="129.196006">
				<ele>19.74</ele>
			</trkpt>
			<trkpt lat="35.164043" lon="129.195972">
				<ele>18.875</ele>
			</trkpt>
			<trkpt lat="35.163999" lon="129.195938">
				<ele>18.01</ele>
			</trkpt>
			<trkpt lat="35.163936799999995" lon="129.1958746">
				<ele>17.206000000000003</ele>
			</trkpt>
			<trkpt lat="35.1638746" lon="129.1958112">
				<ele>16.402</ele>
			</trkpt>
			<trkpt lat="35.1638124" lon="129.1957478">
				<ele>15.598</ele>
			</trkpt>
			<trkpt lat="35.1637502" lon="129.1956844">
				<ele>14.794</ele>
			</trkpt>
			<trkpt lat="35.163688" lon="129.195621">
				<ele>13.99</ele>
			</trkpt>
			<trkpt lat="35.16363316666667" lon="129.195553">
				<ele>14.008333333333333</ele>
			</trkpt>
			<trkpt lat="35.163578333333334" lon="129.195485">
				<ele>14.026666666666667</ele>
			</trkpt>
			<trkpt lat="35.1635235" lon="129.195417">
				<ele>14.045</ele>
			</trkpt>
			<trkpt lat="35.16346866666667" lon="129.195349">
				<ele>14.063333333333333</ele>
			</trkpt>
			<trkpt lat="35.16341383333334" lon="129.195281">
				<ele>14.081666666666667</ele>
			</trkpt>
			<trkpt lat="35.163359" lon="129.195213">
				<ele>14.1</ele>
			</trkpt>
			<trkpt lat="35.16330307142857" lon="129.1951294642857">
				<ele>13.971071428571427</ele>
			</trkpt>
			<trkpt lat="35.163247142857145" lon="129.19504592857143">
				<ele>13.842142857142857</ele>
			</trkpt>
			<trkpt lat="35.16319121428572" lon="129.19496239285715">
				<ele>13.713214285714285</ele>
			</trkpt>
			<trkpt lat="35.16313528571428" lon="129.19487885714284">
				<ele>13.584285714285715</ele>
			</trkpt>
			<trkpt lat="35.163079357142855" lon="129.19479532142856">
				<ele>13.455357142857142</ele>
			</trkpt>
			<trkpt lat="35.16302342857143" lon="129.19471178571428">
				<ele>13.326428571428572</ele>
			</trkpt>
			<trkpt lat="35.1629675" lon="129.19462825">
				<ele>13.1975</ele>
			</trkpt>
			<trkpt lat="35.16291157142857" lon="129.1945447142857">
				<ele>13.068571428571428</ele>
			</trkpt>
			<trkpt lat="35.162855642857146" lon="129.19446117857143">
				<ele>12.939642857142857</ele>
			</trkpt>
			<trkpt lat="35.16279971428572" lon="129.19437764285715">
				<ele>12.810714285714285</ele>
			</trkpt>
			<trkpt lat="35.162743785714284" lon="129.19429410714284">
				<ele>12.681785714285715</ele>
			</trkpt>
			<trkpt lat="35.162687857142856" lon="129.19421057142856">
				<ele>12.552857142857142</ele>
			</trkpt>
			<trkpt lat="35.16263192857143" lon="129.19412703571427">
				<ele>12.423928571428572</ele>
			</trkpt>
			<trkpt lat="35.162576" lon="129.1940435">
				<ele>12.295</ele>
			</trkpt>
			<trkpt lat="35.162520071428574" lon="129.1939599642857">
				<ele>12.166071428571428</ele>
			</trkpt>
			<trkpt lat="35.16246414285715" lon="129.19387642857143">
				<ele>12.037142857142857</ele>
			</trkpt>
			<trkpt lat="35.16240821428572" lon="129.19379289285715">
				<ele>11.908214285714285</ele>
			</trkpt>
			<trkpt lat="35.162352285714285" lon="129.19370935714284">
				<ele>11.779285714285713</ele>
			</trkpt>
			<trkpt lat="35.16229635714286" lon="129.19362582142855">
				<ele>11.650357142857143</ele>
			</trkpt>
			<trkpt lat="35.16224042857143" lon="129.19354228571427">
				<ele>11.521428571428572</ele>
			</trkpt>
			<trkpt lat="35.1621845" lon="129.19345875">
				<ele>11.3925</ele>
			</trkpt>
			<trkpt lat="35.162128571428575" lon="129.1933752142857">
				<ele>11.263571428571428</ele>
			</trkpt>
			<trkpt lat="35.16207264285715" lon="129.19329167857143">
				<ele>11.134642857142858</ele>
			</trkpt>
			<trkpt lat="35.16201671428572" lon="129.19320814285715">
				<ele>11.005714285714285</ele>
			</trkpt>
			<trkpt lat="35.161960785714285" lon="129.19312460714283">
				<ele>10.876785714285713</ele>
			</trkpt>
			<trkpt lat="35.16190485714286" lon="129.19304107142855">
				<ele>10.747857142857143</ele>
			</trkpt>
			<trkpt lat="35.16184892857143" lon="129.19295753571427">
				<ele>10.618928571428572</ele>
			</trkpt>
			<trkpt lat="35.161793" lon="129.192874">
				<ele>10.49</ele>
			</trkpt>
			<trkpt lat="35.16175" lon="129.19279025">
				<ele>10.4525</ele>
			</trkpt>
			<trkpt lat="35.161707" lon="129.19270649999999">
				<ele>10.415</ele>
			</trkpt>
			<trkpt lat="35.161664" lon="129.19262275">
				<ele>10.3775</ele>
			</trkpt>
			<trkpt lat="35.161621" lon="129.192539">
				<ele>10.34</ele>
			</trkpt>
			<trkpt lat="35.16159" lon="129.19245533333333">
				<ele>10.448333333333334</ele>
			</trkpt>
			<trkpt lat="35.161559" lon="129.19237166666667">
				<ele>10.556666666666667</ele>
			</trkpt>
			<trkpt lat="35.161528" lon="129.19228800000002">
				<ele>10.665</ele>
			</trkpt>
			<trkpt lat="35.161497" lon="129.19220433333334">
				<ele>10.773333333333333</ele>
			</trkpt>
			<trkpt lat="35.161466" lon="129.19212066666665">
				<ele>10.881666666666668</ele>
			</trkpt>
			<trkpt lat="35.161435" lon="129.192037">
				<ele>10.99</ele>
			</trkpt>
			<trkpt lat="35.161496" lon="129.191988">
				<ele>11.02</ele>
			</trkpt>
			<trkpt lat="35.161469499999995" lon="129.1919005">
				<ele>11.04</ele>
			</trkpt>
			<trkpt lat="35.161443" lon="129.191813">
				<ele>11.06</ele>
			</trkpt>
			<trkpt lat="35.161402" lon="129.191848">
				<ele>10.75</ele>
			</trkpt>
			<trkpt lat="35.16137" lon="129.191861">
				<ele>10.53</ele>
			</trkpt>
			<trkpt lat="35.1613407" lon="129.19175994999998">
				<ele>10.62825</ele>
			</trkpt>
			<trkpt lat="35.161311399999995" lon="129.1916589">
				<ele>10.7265</ele>
			</trkpt>
			<trkpt lat="35.1612821" lon="129.19155784999998">
				<ele>10.82475</ele>
			</trkpt>
			<trkpt lat="35.1612528" lon="129.1914568">
				<ele>10.923</ele>
			</trkpt>
			<trkpt lat="35.1612235" lon="129.19135574999999">
				<ele>11.02125</ele>
			</trkpt>
			<trkpt lat="35.1611942" lon="129.1912547">
				<ele>11.119499999999999</ele>
			</trkpt>
			<trkpt lat="35.161164899999996" lon="129.19115365">
				<ele>11.217749999999999</ele>
			</trkpt>
			<trkpt lat="35.1611356" lon="129.19105259999998">
				<ele>11.315999999999999</ele>
			</trkpt>
			<trkpt lat="35.1611063" lon="129.19095155">
				<ele>11.41425</ele>
			</trkpt>
			<trkpt lat="35.161077" lon="129.19085049999998">
				<ele>11.5125</ele>
			</trkpt>
			<trkpt lat="35.1610477" lon="129.19074945">
				<ele>11.61075</ele>
			</trkpt>
			<trkpt lat="35.161018399999996" lon="129.1906484">
				<ele>11.709</ele>
			</trkpt>
			<trkpt lat="35.1609891" lon="129.19054735">
				<ele>11.80725</ele>
			</trkpt>
			<trkpt lat="35.1609598" lon="129.1904463">
				<ele>11.9055</ele>
			</trkpt>
			<trkpt lat="35.1609305" lon="129.19034524999998">
				<ele>12.00375</ele>
			</trkpt>
			<trkpt lat="35.1609012" lon="129.1902442">
				<ele>12.102</ele>
			</trkpt>
			<trkpt lat="35.1608719" lon="129.19014314999998">
				<ele>12.20025</ele>
			</trkpt>
			<trkpt lat="35.1608426" lon="129.1900421">
				<ele>12.2985</ele>
			</trkpt>
			<trkpt lat="35.1608133" lon="129.18994105">
				<ele>12.39675</ele>
			</trkpt>
			<trkpt lat="35.160784" lon="129.18984">
				<ele>12.495000000000001</ele>
			</trkpt>
			<trkpt lat="35.1607547" lon="129.18973895">
				<ele>12.59325</ele>
			</trkpt>
			<trkpt lat="35.1607254" lon="129.18963789999998">
				<ele>12.6915</ele>
			</trkpt>
			<trkpt lat="35.1606961" lon="129.18953685">
				<ele>12.78975</ele>
			</trkpt>
			<trkpt lat="35.1606668" lon="129.18943579999998">
				<ele>12.888</ele>
			</trkpt>
			<trkpt lat="35.1606375" lon="129.18933475">
				<ele>12.98625</ele>
			</trkpt>
			<trkpt lat="35.1606082" lon="129.1892337">
				<ele>13.0845</ele>
			</trkpt>
			<trkpt lat="35.1605789" lon="129.18913264999998">
				<ele>13.18275</ele>
			</trkpt>
			<trkpt lat="35.1605496" lon="129.1890316">
				<ele>13.281</ele>
			</trkpt>
			<trkpt lat="35.1605203" lon="129.18893054999998">
				<ele>13.37925</ele>
			</trkpt>
			<trkpt lat="35.160491" lon="129.1888295">
				<ele>13.477500000000001</ele>
			</trkpt>
			<trkpt lat="35.1604617" lon="129.18872844999999">
				<ele>13.57575</ele>
			</trkpt>
			<trkpt lat="35.1604324" lon="129.1886274">
				<ele>13.674</ele>
			</trkpt>
			<trkpt lat="35.1604031" lon="129.18852635">
				<ele>13.77225</ele>
			</trkpt>
			<trkpt lat="35.1603738" lon="129.18842529999998">
				<ele>13.8705</ele>
			</trkpt>
			<trkpt lat="35.1603445" lon="129.18832425">
				<ele>13.96875</ele>
			</trkpt>
			<trkpt lat="35.1603152" lon="129.18822319999998">
				<ele>14.067</ele>
			</trkpt>
			<trkpt lat="35.1602859" lon="129.18812215">
				<ele>14.16525</ele>
			</trkpt>
			<trkpt lat="35.160256600000004" lon="129.1880211">
				<ele>14.2635</ele>
			</trkpt>
			<trkpt lat="35.1602273" lon="129.18792005">
				<ele>14.36175</ele>
			</trkpt>
			<trkpt lat="35.160198" lon="129.187819">
				<ele>14.46</ele>
			</trkpt>
			<trkpt lat="35.16017014285715" lon="129.18773057142857">
				<ele>15.394285714285715</ele>
			</trkpt>
			<trkpt lat="35.16014228571429" lon="129.18764214285713">
				<ele>16.32857142857143</ele>
			</trkpt>
			<trkpt lat="35.16011442857143" lon="129.1875537142857">
				<ele>17.262857142857143</ele>
			</trkpt>
			<trkpt lat="35.16008657142857" lon="129.18746528571427">
				<ele>18.197142857142858</ele>
			</trkpt>
			<trkpt lat="35.16005871428572" lon="129.18737685714285">
				<ele>19.13142857142857</ele>
			</trkpt>
			<trkpt lat="35.16003085714286" lon="129.1872884285714">
				<ele>20.065714285714286</ele>
			</trkpt>
			<trkpt lat="35.160003" lon="129.1872">
				<ele>21.0</ele>
			</trkpt>
			<trkpt lat="35.15997266666667" lon="129.18711633333334">
				<ele>21.746666666666666</ele>
			</trkpt>
			<trkpt lat="35.15994233333333" lon="129.18703266666665">
				<ele>22.493333333333332</ele>
			</trkpt>
			<trkpt lat="35.159912" lon="129.186949">
				<ele>23.24</ele>
			</trkpt>
			<trkpt lat="35.15986857142857" lon="129.18686085714285">
				<ele>23.41142857142857</ele>
			</trkpt>
			<trkpt lat="35.159825142857144" lon="129.18677271428572">
				<ele>23.582857142857144</ele>
			</trkpt>
			<trkpt lat="35.159781714285714" lon="129.18668457142857">
				<ele>23.754285714285714</ele>
			</trkpt>
			<trkpt lat="35.15973828571428" lon="129.18659642857142">
				<ele>23.925714285714285</ele>
			</trkpt>
			<trkpt lat="35.15969485714285" lon="129.18650828571427">
				<ele>24.097142857142856</ele>
			</trkpt>
			<trkpt lat="35.15965142857143" lon="129.18642014285714">
				<ele>24.26857142857143</ele>
			</trkpt>
			<trkpt lat="35.159608" lon="129.186332">
				<ele>24.44</ele>
			</trkpt>
			<trkpt lat="35.159552" lon="129.18625075">
				<ele>24.6025</ele>
			</trkpt>
			<trkpt lat="35.159496000000004" lon="129.1861695">
				<ele>24.765</ele>
			</trkpt>
			<trkpt lat="35.159440000000004" lon="129.18608824999998">
				<ele>24.927500000000002</ele>
			</trkpt>
			<trkpt lat="35.159384" lon="129.186007">
				<ele>25.09</ele>
			</trkpt>
			<trkpt lat="35.15933266666667" lon="129.18594299999998">
				<ele>25.616666666666667</ele>
			</trkpt>
			<trkpt lat="35.15928133333333" lon="129.185879">
				<ele>26.143333333333334</ele>
			</trkpt>
			<trkpt lat="35.15923" lon="129.185815">
				<ele>26.67</ele>
			</trkpt>
			<trkpt lat="35.1591728" lon="129.1857528">
				<ele>26.718</ele>
			</trkpt>
			<trkpt lat="35.1591156" lon="129.1856906">
				<ele>26.766000000000002</ele>
			</trkpt>
			<trkpt lat="35.1590584" lon="129.1856284">
				<ele>26.814</ele>
			</trkpt>
			<trkpt lat="35.1590012" lon="129.1855662">
				<ele>26.862000000000002</ele>
			</trkpt>
			<trkpt lat="35.158944" lon="129.185504">
				<ele>26.91</ele>
			</trkpt>
			<trkpt lat="35.15887633333333" lon="129.1854426666667">
				<ele>27.238333333333333</ele>
			</trkpt>
			<trkpt lat="35.158808666666665" lon="129.18538133333334">
				<ele>27.566666666666666</ele>
			</trkpt>
			<trkpt lat="35.158741" lon="129.18532">
				<ele>27.895</ele>
			</trkpt>
			<trkpt lat="35.15867333333333" lon="129.18525866666667">
				<ele>28.223333333333333</ele>
			</trkpt>
			<trkpt lat="35.158605666666666" lon="129.18519733333335">
				<ele>28.551666666666666</ele>
			</trkpt>
			<trkpt lat="35.158538" lon="129.185136">
				<ele>28.88</ele>
			</trkpt>
			<trkpt lat="35.158465375" lon="129.1850828125">
				<ele>29.204375</ele>
			</trkpt>
			<trkpt lat="35.15839275" lon="129.185029625">
				<ele>29.52875</ele>
			</trkpt>
			<trkpt lat="35.158320125" lon="129.18497643749998">
				<ele>29.853125</ele>
			</trkpt>
			<trkpt lat="35.1582475" lon="129.18492325">
				<ele>30.1775</ele>
			</trkpt>
			<trkpt lat="35.158174875" lon="129.1848700625">
				<ele>30.501875</ele>
			</trkpt>
			<trkpt lat="35.15810225" lon="129.184816875">
				<ele>30.826249999999998</ele>
			</trkpt>
			<trkpt lat="35.158029625" lon="129.18476368749998">
				<ele>31.150624999999998</ele>
			</trkpt>
			<trkpt lat="35.157956999999996" lon="129.1847105">
				<ele>31.475</ele>
			</trkpt>
			<trkpt lat="35.157884375" lon="129.1846573125">
				<ele>31.799374999999998</ele>
			</trkpt>
			<trkpt lat="35.15781175" lon="129.184604125">
				<ele>32.12375</ele>
			</trkpt>
			<trkpt lat="35.157739125" lon="129.18455093749998">
				<ele>32.448125</ele>
			</trkpt>
			<trkpt lat="35.1576665" lon="129.18449775">
				<ele>32.7725</ele>
			</trkpt>
			<trkpt lat="35.157593874999996" lon="129.1844445625">
				<ele>33.096875</ele>
			</trkpt>
			<trkpt lat="35.15752125" lon="129.184391375">
				<ele>33.42125</ele>
			</trkpt>
			<trkpt lat="35.157448625" lon="129.18433818749997">
				<ele>33.745625000000004</ele>
			</trkpt>
			<trkpt lat="35.157376" lon="129.184285">
				<ele>34.07</ele>
			</trkpt>
			<trkpt lat="35.15730369230769" lon="129.18423207692305">
				<ele>33.68076923076923</ele>
			</trkpt>
			<trkpt lat="35.157231384615386" lon="129.18417915384615">
				<ele>33.291538461538465</ele>
			</trkpt>
			<trkpt lat="35.15715907692308" lon="129.1841262307692">
				<ele>32.902307692307694</ele>
			</trkpt>
			<trkpt lat="35.157086769230766" lon="129.1840733076923">
				<ele>32.51307692307692</ele>
			</trkpt>
			<trkpt lat="35.15701446153846" lon="129.18402038461537">
				<ele>32.12384615384615</ele>
			</trkpt>
			<trkpt lat="35.15694215384615" lon="129.18396746153846">
				<ele>31.734615384615385</ele>
			</trkpt>
			<trkpt lat="35.156869846153846" lon="129.18391453846152">
				<ele>31.345384615384617</ele>
			</trkpt>
			<trkpt lat="35.15679753846154" lon="129.18386161538461">
				<ele>30.956153846153846</ele>
			</trkpt>
			<trkpt lat="35.15672523076923" lon="129.18380869230768">
				<ele>30.56692307692308</ele>
			</trkpt>
			<trkpt lat="35.15665292307692" lon="129.18375576923077">
				<ele>30.177692307692308</ele>
			</trkpt>
			<trkpt lat="35.15658061538461" lon="129.18370284615384">
				<ele>29.78846153846154</ele>
			</trkpt>
			<trkpt lat="35.156508307692306" lon="129.18364992307693">
				<ele>29.39923076923077</ele>
			</trkpt>
			<trkpt lat="35.156436" lon="129.183597">
				<ele>29.01</ele>
			</trkpt>
			<trkpt lat="35.15638475" lon="129.183542">
				<ele>28.5575</ele>
			</trkpt>
			<trkpt lat="35.1563335" lon="129.183487">
				<ele>28.105</ele>
			</trkpt>
			<trkpt lat="35.15628225" lon="129.183432">
				<ele>27.6525</ele>
			</trkpt>
			<trkpt lat="35.156231" lon="129.183377">
				<ele>27.2</ele>
			</trkpt>
			<trkpt lat="35.1561695" lon="129.18330075">
				<ele>26.55</ele>
			</trkpt>
			<trkpt lat="35.156108" lon="129.1832245">
				<ele>25.9</ele>
			</trkpt>
			<trkpt lat="35.1560465" lon="129.18314825000002">
				<ele>25.25</ele>
			</trkpt>
			<trkpt lat="35.155985" lon="129.183072">
				<ele>24.6</ele>
			</trkpt>
			<trkpt lat="35.155938" lon="129.183007">
				<ele>23.880000000000003</ele>
			</trkpt>
			<trkpt lat="35.155891000000004" lon="129.182942">
				<ele>23.16</ele>
			</trkpt>
			<trkpt lat="35.155844" lon="129.182877">
				<ele>22.44</ele>
			</trkpt>
			<trkpt lat="35.15579866666667" lon="129.1828">
				<ele>22.096666666666668</ele>
			</trkpt>
			<trkpt lat="35.15575333333333" lon="129.182723">
				<ele>21.753333333333334</ele>
			</trkpt>
			<trkpt lat="35.155708" lon="129.182646">
				<ele>21.41</ele>
			</trkpt>
			<trkpt lat="35.15567133333333" lon="129.18257366666668">
				<ele>21.36</ele>
			</trkpt>
			<trkpt lat="35.155634666666664" lon="129.18250133333333">
				<ele>21.310000000000002</ele>
			</trkpt>
			<trkpt lat="35.155598" lon="129.182429">
				<ele>21.26</ele>
			</trkpt>
			<trkpt lat="35.1555585" lon="129.18234025">
				<ele>21.220000000000002</ele>
			</trkpt>
			<trkpt lat="35.155519" lon="129.1822515">
				<ele>21.18</ele>
			</trkpt>
			<trkpt lat="35.1554795" lon="129.18216275">
				<ele>21.14</ele>
			</trkpt>
			<trkpt lat="35.15544" lon="129.182074">
				<ele>21.1</ele>
			</trkpt>
			<trkpt lat="35.1554095" lon="129.181973">
				<ele>21.1175</ele>
			</trkpt>
			<trkpt lat="35.155378999999996" lon="129.181872">
				<ele>21.135</ele>
			</trkpt>
			<trkpt lat="35.1553485" lon="129.181771">
				<ele>21.152500000000003</ele>
			</trkpt>
			<trkpt lat="35.155318" lon="129.18167">
				<ele>21.17</ele>
			</trkpt>
			<trkpt lat="35.155299666666664" lon="129.18158499999998">
				<ele>21.223333333333333</ele>
			</trkpt>
			<trkpt lat="35.155281333333335" lon="129.1815">
				<ele>21.276666666666667</ele>
			</trkpt>
			<trkpt lat="35.155263" lon="129.181415">
				<ele>21.33</ele>
			</trkpt>
			<trkpt lat="35.155245666666666" lon="129.181314">
				<ele>21.599999999999998</ele>
			</trkpt>
			<trkpt lat="35.15522833333333" lon="129.181213">
				<ele>21.87</ele>
			</trkpt>
			<trkpt lat="35.155211" lon="129.181112">
				<ele>22.14</ele>
			</trkpt>
			<trkpt lat="35.15520133333334" lon="129.18103000000002">
				<ele>21.713333333333335</ele>
			</trkpt>
			<trkpt lat="35.15519166666667" lon="129.180948">
				<ele>21.286666666666665</ele>
			</trkpt>
			<trkpt lat="35.155182" lon="129.180866">
				<ele>20.86</ele>
			</trkpt>
			<trkpt lat="35.155178" lon="129.18075733333333">
				<ele>20.006666666666668</ele>
			</trkpt>
			<trkpt lat="35.155174" lon="129.18064866666668">
				<ele>19.153333333333332</ele>
			</trkpt>
			<trkpt lat="35.15517" lon="129.18054">
				<ele>18.3</ele>
			</trkpt>
			<trkpt lat="35.155171333333335" lon="129.18045166666667">
				<ele>17.886666666666667</ele>
			</trkpt>
			<trkpt lat="35.155172666666665" lon="129.18036333333333">
				<ele>17.473333333333333</ele>
			</trkpt>
			<trkpt lat="35.155174" lon="129.180275">
				<ele>17.06</ele>
			</trkpt>
			<trkpt lat="35.155180666666666" lon="129.18017733333332">
				<ele>16.846666666666668</ele>
			</trkpt>
			<trkpt lat="35.15518733333334" lon="129.18007966666667">
				<ele>16.633333333333333</ele>
			</trkpt>
			<trkpt lat="35.155194" lon="129.179982">
				<ele>16.42</ele>
			</trkpt>
			<trkpt lat="35.155172" lon="129.17995">
				<ele>16.31</ele>
			</trkpt>
			<trkpt lat="35.15517836363637" lon="129.1798458181818">
				<ele>16.369999999999997</ele>
			</trkpt>
			<trkpt lat="35.155184727272726" lon="129.17974163636364">
				<ele>16.43</ele>
			</trkpt>
			<trkpt lat="35.15519109090909" lon="129.17963745454546">
				<ele>16.49</ele>
			</trkpt>
			<trkpt lat="35.15519745454546" lon="129.17953327272727">
				<ele>16.549999999999997</ele>
			</trkpt>
			<trkpt lat="35.15520381818182" lon="129.17942909090908">
				<ele>16.61</ele>
			</trkpt>
			<trkpt lat="35.155210181818184" lon="129.17932490909092">
				<ele>16.669999999999998</ele>
			</trkpt>
			<trkpt lat="35.15521654545454" lon="129.17922072727274">
				<ele>16.73</ele>
			</trkpt>
			<trkpt lat="35.15522290909091" lon="129.17911654545455">
				<ele>16.79</ele>
			</trkpt>
			<trkpt lat="35.155229272727276" lon="129.17901236363636">
				<ele>16.849999999999998</ele>
			</trkpt>
			<trkpt lat="35.155235636363635" lon="129.1789081818182">
				<ele>16.91</ele>
			</trkpt>
			<trkpt lat="35.155242" lon="129.178804">
				<ele>16.97</ele>
			</trkpt>
			<trkpt lat="35.155266" lon="129.178778">
				<ele>17.09</ele>
			</trkpt>
			<trkpt lat="35.155272749999995" lon="129.17867675">
				<ele>17.5625</ele>
			</trkpt>
			<trkpt lat="35.1552795" lon="129.1785755">
				<ele>18.035</ele>
			</trkpt>
			<trkpt lat="35.15528625" lon="129.17847425">
				<ele>18.5075</ele>
			</trkpt>
			<trkpt lat="35.155293" lon="129.178373">
				<ele>18.98</ele>
			</trkpt>
			<trkpt lat="35.155302750000004" lon="129.17827875">
				<ele>18.8875</ele>
			</trkpt>
			<trkpt lat="35.1553125" lon="129.1781845">
				<ele>18.795</ele>
			</trkpt>
			<trkpt lat="35.15532225" lon="129.17809025">
				<ele>18.7025</ele>
			</trkpt>
			<trkpt lat="35.155332" lon="129.177996">
				<ele>18.61</ele>
			</trkpt>
			<trkpt lat="35.15534825" lon="129.17789975">
				<ele>18.665</ele>
			</trkpt>
			<trkpt lat="35.155364500000005" lon="129.1778035">
				<ele>18.72</ele>
			</trkpt>
			<trkpt lat="35.15538075" lon="129.17770725000003">
				<ele>18.775</ele>
			</trkpt>
			<trkpt lat="35.155397" lon="129.177611">
				<ele>18.83</ele>
			</trkpt>
			<trkpt lat="35.1554195" lon="129.17752575">
				<ele>18.919999999999998</ele>
			</trkpt>
			<trkpt lat="35.155442" lon="129.1774405">
				<ele>19.009999999999998</ele>
			</trkpt>
			<trkpt lat="35.1554645" lon="129.17735525">
				<ele>19.1</ele>
			</trkpt>
			<trkpt lat="35.155487" lon="129.17727">
				<ele>19.19</ele>
			</trkpt>
			<trkpt lat="35.155517" lon="129.17717966666666">
				<ele>19.080000000000002</ele>
			</trkpt>
			<trkpt lat="35.155547" lon="129.17708933333333">
				<ele>18.97</ele>
			</trkpt>
			<trkpt lat="35.155577" lon="129.176999">
				<ele>18.86</ele>
			</trkpt>
			<trkpt lat="35.155626999999996" lon="129.17692399999999">
				<ele>18.73</ele>
			</trkpt>
			<trkpt lat="35.155677" lon="129.176849">
				<ele>18.6</ele>
			</trkpt>
			<trkpt lat="35.15572133333333" lon="129.176767">
				<ele>18.105</ele>
			</trkpt>
			<trkpt lat="35.15576566666667" lon="129.176685">
				<ele>17.61</ele>
			</trkpt>
			<trkpt lat="35.15581" lon="129.176603">
				<ele>17.115000000000002</ele>
			</trkpt>
			<trkpt lat="35.15585433333333" lon="129.176521">
				<ele>16.62</ele>
			</trkpt>
			<trkpt lat="35.155898666666666" lon="129.176439">
				<ele>16.125</ele>
			</trkpt>
			<trkpt lat="35.155943" lon="129.176357">
				<ele>15.63</ele>
			</trkpt>
			<trkpt lat="35.15599490909091" lon="129.17627045454546">
				<ele>15.543939393939395</ele>
			</trkpt>
			<trkpt lat="35.15604681818182" lon="129.1761839090909">
				<ele>15.457878787878789</ele>
			</trkpt>
			<trkpt lat="35.15609872727273" lon="129.17609736363636">
				<ele>15.371818181818183</ele>
			</trkpt>
			<trkpt lat="35.156150636363634" lon="129.17601081818182">
				<ele>15.285757575757577</ele>
			</trkpt>
			<trkpt lat="35.15620254545455" lon="129.17592427272726">
				<ele>15.199696969696971</ele>
			</trkpt>
			<trkpt lat="35.156254454545454" lon="129.17583772727272">
				<ele>15.113636363636363</ele>
			</trkpt>
			<trkpt lat="35.15630636363637" lon="129.17575118181819">
				<ele>15.027575757575757</ele>
			</trkpt>
			<trkpt lat="35.156358272727275" lon="129.17566463636362">
				<ele>14.941515151515151</ele>
			</trkpt>
			<trkpt lat="35.15641018181818" lon="129.17557809090908">
				<ele>14.855454545454545</ele>
			</trkpt>
			<trkpt lat="35.156462090909095" lon="129.17549154545455">
				<ele>14.76939393939394</ele>
			</trkpt>
			<trkpt lat="35.156514" lon="129.17540499999998">
				<ele>14.683333333333334</ele>
			</trkpt>
			<trkpt lat="35.15656590909091" lon="129.17531845454545">
				<ele>14.597272727272728</ele>
			</trkpt>
			<trkpt lat="35.15661781818182" lon="129.1752319090909">
				<ele>14.511212121212122</ele>
			</trkpt>
			<trkpt lat="35.15666972727273" lon="129.17514536363635">
				<ele>14.425151515151516</ele>
			</trkpt>
			<trkpt lat="35.156721636363635" lon="129.1750588181818">
				<ele>14.33909090909091</ele>
			</trkpt>
			<trkpt lat="35.15677354545455" lon="129.17497227272727">
				<ele>14.253030303030304</ele>
			</trkpt>
			<trkpt lat="35.156825454545455" lon="129.1748857272727">
				<ele>14.166969696969696</ele>
			</trkpt>
			<trkpt lat="35.15687736363637" lon="129.17479918181817">
				<ele>14.08090909090909</ele>
			</trkpt>
			<trkpt lat="35.156929272727275" lon="129.17471263636364">
				<ele>13.994848484848484</ele>
			</trkpt>
			<trkpt lat="35.15698118181818" lon="129.17462609090907">
				<ele>13.908787878787878</ele>
			</trkpt>
			<trkpt lat="35.157033090909096" lon="129.17453954545454">
				<ele>13.822727272727272</ele>
			</trkpt>
			<trkpt lat="35.157085" lon="129.174453">
				<ele>13.736666666666666</ele>
			</trkpt>
			<trkpt lat="35.15713690909091" lon="129.17436645454544">
				<ele>13.65060606060606</ele>
			</trkpt>
			<trkpt lat="35.15718881818182" lon="129.1742799090909">
				<ele>13.564545454545454</ele>
			</trkpt>
			<trkpt lat="35.15724072727273" lon="129.17419336363636">
				<ele>13.478484848484849</ele>
			</trkpt>
			<trkpt lat="35.157292636363636" lon="129.1741068181818">
				<ele>13.39242424242424</ele>
			</trkpt>
			<trkpt lat="35.15734454545455" lon="129.17402027272726">
				<ele>13.306363636363635</ele>
			</trkpt>
			<trkpt lat="35.157396454545456" lon="129.17393372727273">
				<ele>13.220303030303029</ele>
			</trkpt>
			<trkpt lat="35.15744836363637" lon="129.17384718181816">
				<ele>13.134242424242423</ele>
			</trkpt>
			<trkpt lat="35.157500272727276" lon="129.17376063636362">
				<ele>13.048181818181817</ele>
			</trkpt>
			<trkpt lat="35.15755218181818" lon="129.1736740909091">
				<ele>12.962121212121211</ele>
			</trkpt>
			<trkpt lat="35.157604090909096" lon="129.17358754545452">
				<ele>12.876060606060605</ele>
			</trkpt>
			<trkpt lat="35.157656" lon="129.173501">
				<ele>12.79</ele>
			</trkpt>
			<trkpt lat="35.15766" lon="129.173415">
				<ele>12.43</ele>
			</trkpt>
			<trkpt lat="35.1577088" lon="129.1733396">
				<ele>12.456</ele>
			</trkpt>
			<trkpt lat="35.157757600000004" lon="129.1732642">
				<ele>12.482</ele>
			</trkpt>
			<trkpt lat="35.1578064" lon="129.1731888">
				<ele>12.508000000000001</ele>
			</trkpt>
			<trkpt lat="35.1578552" lon="129.1731134">
				<ele>12.534</ele>
			</trkpt>
			<trkpt lat="35.157904" lon="129.173038">
				<ele>12.56</ele>
			</trkpt>
			<trkpt lat="35.15796485714286" lon="129.17296171428572">
				<ele>12.572857142857144</ele>
			</trkpt>
			<trkpt lat="35.15802571428571" lon="129.17288542857142">
				<ele>12.585714285714285</ele>
			</trkpt>
			<trkpt lat="35.15808657142857" lon="129.17280914285715">
				<ele>12.598571428571429</ele>
			</trkpt>
			<trkpt lat="35.15814742857143" lon="129.17273285714285">
				<ele>12.611428571428572</ele>
			</trkpt>
			<trkpt lat="35.15820828571429" lon="129.17265657142858">
				<ele>12.624285714285715</ele>
			</trkpt>
			<trkpt lat="35.158269142857144" lon="129.17258028571428">
				<ele>12.637142857142857</ele>
			</trkpt>
			<trkpt lat="35.15833" lon="129.172504">
				<ele>12.65</ele>
			</trkpt>
			<trkpt lat="35.158351" lon="129.172513">
				<ele>12.86</ele>
			</trkpt>
			<trkpt lat="35.158337" lon="129.172523">
				<ele>12.84</ele>
			</trkpt>
			<trkpt lat="35.1583775" lon="129.172572">
				<ele>13.52</ele>
			</trkpt>
			<trkpt lat="35.158418" lon="129.172621">
				<ele>14.2</ele>
			</trkpt>
			<trkpt lat="35.15848295652174" lon="129.17255047826086">
				<ele>14.201304347826087</ele>
			</trkpt>
			<trkpt lat="35.15854791304348" lon="129.17247995652173">
				<ele>14.202608695652174</ele>
			</trkpt>
			<trkpt lat="35.15861286956522" lon="129.1724094347826">
				<ele>14.203913043478261</ele>
			</trkpt>
			<trkpt lat="35.15867782608695" lon="129.17233891304346">
				<ele>14.205217391304346</ele>
			</trkpt>
			<trkpt lat="35.15874278260869" lon="129.17226839130433">
				<ele>14.206521739130434</ele>
			</trkpt>
			<trkpt lat="35.15880773913043" lon="129.17219786956522">
				<ele>14.207826086956521</ele>
			</trkpt>
			<trkpt lat="35.15887269565217" lon="129.1721273478261">
				<ele>14.209130434782608</ele>
			</trkpt>
			<trkpt lat="35.15893765217391" lon="129.17205682608696">
				<ele>14.210434782608695</ele>
			</trkpt>
			<trkpt lat="35.15900260869565" lon="129.17198630434783">
				<ele>14.211739130434783</ele>
			</trkpt>
			<trkpt lat="35.15906756521739" lon="129.1719157826087">
				<ele>14.21304347826087</ele>
			</trkpt>
			<trkpt lat="35.15913252173913" lon="129.17184526086956">
				<ele>14.214347826086957</ele>
			</trkpt>
			<trkpt lat="35.159197478260865" lon="129.17177473913043">
				<ele>14.215652173913043</ele>
			</trkpt>
			<trkpt lat="35.159262434782605" lon="129.1717042173913">
				<ele>14.21695652173913</ele>
			</trkpt>
			<trkpt lat="35.159327391304345" lon="129.17163369565216">
				<ele>14.218260869565217</ele>
			</trkpt>
			<trkpt lat="35.159392347826085" lon="129.17156317391303">
				<ele>14.219565217391304</ele>
			</trkpt>
			<trkpt lat="35.159457304347825" lon="129.1714926521739">
				<ele>14.220869565217392</ele>
			</trkpt>
			<trkpt lat="35.159522260869565" lon="129.17142213043476">
				<ele>14.222173913043479</ele>
			</trkpt>
			<trkpt lat="35.159587217391305" lon="129.17135160869566">
				<ele>14.223478260869566</ele>
			</trkpt>
			<trkpt lat="35.159652173913045" lon="129.17128108695653">
				<ele>14.224782608695653</ele>
			</trkpt>
			<trkpt lat="35.15971713043478" lon="129.1712105652174">
				<ele>14.226086956521739</ele>
			</trkpt>
			<trkpt lat="35.15978208695652" lon="129.17114004347826">
				<ele>14.227391304347826</ele>
			</trkpt>
			<trkpt lat="35.15984704347826" lon="129.17106952173913">
				<ele>14.228695652173913</ele>
			</trkpt>
			<trkpt lat="35.159912" lon="129.170999">
				<ele>14.23</ele>
			</trkpt>
		</trkseg>
	</trk>
</gpx>